Phrase,Name form,Facet,Tier,Author,Target URL
andrew murray,canonical,Name (navigational),1,Andrew Murray,https://ochorus.com/authors/andrew-murray
andrew murray quotes,canonical,Quotes,1,Andrew Murray,https://ochorus.com/authors/andrew-murray
andrew murray books,canonical,Books,1,Andrew Murray,https://ochorus.com/authors/andrew-murray
andrew murray biography,canonical,Biography,1,Andrew Murray,https://ochorus.com/authors/andrew-murray
who was andrew murray,canonical,Who was,2,Andrew Murray,https://ochorus.com/authors/andrew-murray
andrew murray books free online,canonical,Books free online,2,Andrew Murray,https://ochorus.com/authors/andrew-murray
watchman nee,canonical,Name (navigational),1,Watchman Nee,https://ochorus.com/authors/watchman-nee
watchman nee books,canonical,Books,1,Watchman Nee,https://ochorus.com/authors/watchman-nee
watchman nee biography,canonical,Biography,1,Watchman Nee,https://ochorus.com/authors/watchman-nee
who was watchman nee,canonical,Who was,2,Watchman Nee,https://ochorus.com/authors/watchman-nee
watchman nee books free online,canonical,Books free online,2,Watchman Nee,https://ochorus.com/authors/watchman-nee
r. a. torrey,canonical,Name (navigational),1,R. A. Torrey,https://ochorus.com/authors/r-a-torrey
r. a. torrey books,canonical,Books,1,R. A. Torrey,https://ochorus.com/authors/r-a-torrey
r. a. torrey biography,canonical,Biography,1,R. A. Torrey,https://ochorus.com/authors/r-a-torrey
who was r. a. torrey,canonical,Who was,2,R. A. Torrey,https://ochorus.com/authors/r-a-torrey
r. a. torrey sermons,canonical,Sermons,2,R. A. Torrey,https://ochorus.com/authors/r-a-torrey
r. a. torrey books free online,canonical,Books free online,2,R. A. Torrey,https://ochorus.com/authors/r-a-torrey
gareth evans,canonical,Name (navigational),1,Gareth Evans,https://ochorus.com/authors/gareth-evans
gareth evans quotes,canonical,Quotes,1,Gareth Evans,https://ochorus.com/authors/gareth-evans
gareth evans books,canonical,Books,1,Gareth Evans,https://ochorus.com/authors/gareth-evans
gareth evans biography,canonical,Biography,1,Gareth Evans,https://ochorus.com/authors/gareth-evans
who was gareth evans,canonical,Who was,2,Gareth Evans,https://ochorus.com/authors/gareth-evans
gareth evans books free online,canonical,Books free online,2,Gareth Evans,https://ochorus.com/authors/gareth-evans
hannah whitall smith,canonical,Name (navigational),1,Hannah Whitall Smith,https://ochorus.com/authors/hannah-whitall-smith
hannah whitall smith books,canonical,Books,1,Hannah Whitall Smith,https://ochorus.com/authors/hannah-whitall-smith
hannah whitall smith biography,canonical,Biography,1,Hannah Whitall Smith,https://ochorus.com/authors/hannah-whitall-smith
who was hannah whitall smith,canonical,Who was,2,Hannah Whitall Smith,https://ochorus.com/authors/hannah-whitall-smith
hannah whitall smith books free online,canonical,Books free online,2,Hannah Whitall Smith,https://ochorus.com/authors/hannah-whitall-smith
hannah buyinza,canonical,Name (navigational),1,Hannah Buyinza,https://ochorus.com/authors/hannah-buyinza
hannah buyinza books,canonical,Books,1,Hannah Buyinza,https://ochorus.com/authors/hannah-buyinza
hannah buyinza biography,canonical,Biography,1,Hannah Buyinza,https://ochorus.com/authors/hannah-buyinza
who was hannah buyinza,canonical,Who was,2,Hannah Buyinza,https://ochorus.com/authors/hannah-buyinza
hannah buyinza books free online,canonical,Books free online,2,Hannah Buyinza,https://ochorus.com/authors/hannah-buyinza
charles h. spurgeon,canonical,Name (navigational),1,Charles H. Spurgeon,https://ochorus.com/authors/charles-h-spurgeon
charles h. spurgeon quotes,canonical,Quotes,1,Charles H. Spurgeon,https://ochorus.com/authors/charles-h-spurgeon
charles h. spurgeon books,canonical,Books,1,Charles H. Spurgeon,https://ochorus.com/authors/charles-h-spurgeon
charles h. spurgeon biography,canonical,Biography,1,Charles H. Spurgeon,https://ochorus.com/authors/charles-h-spurgeon
who was charles h. spurgeon,canonical,Who was,2,Charles H. Spurgeon,https://ochorus.com/authors/charles-h-spurgeon
charles h. spurgeon sermons,canonical,Sermons,2,Charles H. Spurgeon,https://ochorus.com/authors/charles-h-spurgeon
charles h. spurgeon books free online,canonical,Books free online,2,Charles H. Spurgeon,https://ochorus.com/authors/charles-h-spurgeon
william booth,canonical,Name (navigational),1,William Booth,https://ochorus.com/authors/william-booth
william booth books,canonical,Books,1,William Booth,https://ochorus.com/authors/william-booth
william booth biography,canonical,Biography,1,William Booth,https://ochorus.com/authors/william-booth
who was william booth,canonical,Who was,2,William Booth,https://ochorus.com/authors/william-booth
william booth books free online,canonical,Books free online,2,William Booth,https://ochorus.com/authors/william-booth
amy carmichael,canonical,Name (navigational),1,Amy Carmichael,https://ochorus.com/authors/amy-carmichael
amy carmichael books,canonical,Books,1,Amy Carmichael,https://ochorus.com/authors/amy-carmichael
amy carmichael biography,canonical,Biography,1,Amy Carmichael,https://ochorus.com/authors/amy-carmichael
who was amy carmichael,canonical,Who was,2,Amy Carmichael,https://ochorus.com/authors/amy-carmichael
amy carmichael books free online,canonical,Books free online,2,Amy Carmichael,https://ochorus.com/authors/amy-carmichael
frederick brotherton meyer,canonical,Name (navigational),1,Frederick Brotherton Meyer,https://ochorus.com/authors/frederick-brotherton-meyer
frederick brotherton meyer books,canonical,Books,1,Frederick Brotherton Meyer,https://ochorus.com/authors/frederick-brotherton-meyer
frederick brotherton meyer biography,canonical,Biography,1,Frederick Brotherton Meyer,https://ochorus.com/authors/frederick-brotherton-meyer
who was frederick brotherton meyer,canonical,Who was,2,Frederick Brotherton Meyer,https://ochorus.com/authors/frederick-brotherton-meyer
frederick brotherton meyer books free online,canonical,Books free online,2,Frederick Brotherton Meyer,https://ochorus.com/authors/frederick-brotherton-meyer
catherine booth,canonical,Name (navigational),1,Catherine Booth,https://ochorus.com/authors/catherine-booth
catherine booth books,canonical,Books,1,Catherine Booth,https://ochorus.com/authors/catherine-booth
catherine booth biography,canonical,Biography,1,Catherine Booth,https://ochorus.com/authors/catherine-booth
who was catherine booth,canonical,Who was,2,Catherine Booth,https://ochorus.com/authors/catherine-booth
catherine booth sermons,canonical,Sermons,2,Catherine Booth,https://ochorus.com/authors/catherine-booth
catherine booth books free online,canonical,Books free online,2,Catherine Booth,https://ochorus.com/authors/catherine-booth
jeanne guyon,canonical,Name (navigational),1,Jeanne Guyon,https://ochorus.com/authors/jeanne-guyon
jeanne guyon books,canonical,Books,1,Jeanne Guyon,https://ochorus.com/authors/jeanne-guyon
jeanne guyon biography,canonical,Biography,1,Jeanne Guyon,https://ochorus.com/authors/jeanne-guyon
who was jeanne guyon,canonical,Who was,2,Jeanne Guyon,https://ochorus.com/authors/jeanne-guyon
jeanne guyon books free online,canonical,Books free online,2,Jeanne Guyon,https://ochorus.com/authors/jeanne-guyon
susanna wesley,canonical,Name (navigational),1,Susanna Wesley,https://ochorus.com/authors/susanna-wesley
susanna wesley books,canonical,Books,1,Susanna Wesley,https://ochorus.com/authors/susanna-wesley
susanna wesley biography,canonical,Biography,1,Susanna Wesley,https://ochorus.com/authors/susanna-wesley
who was susanna wesley,canonical,Who was,2,Susanna Wesley,https://ochorus.com/authors/susanna-wesley
susanna wesley books free online,canonical,Books free online,2,Susanna Wesley,https://ochorus.com/authors/susanna-wesley
dwight l. moody,canonical,Name (navigational),1,Dwight L. Moody,https://ochorus.com/authors/dwight-l-moody
dwight l. moody books,canonical,Books,1,Dwight L. Moody,https://ochorus.com/authors/dwight-l-moody
dwight l. moody biography,canonical,Biography,1,Dwight L. Moody,https://ochorus.com/authors/dwight-l-moody
who was dwight l. moody,canonical,Who was,2,Dwight L. Moody,https://ochorus.com/authors/dwight-l-moody
dwight l. moody sermons,canonical,Sermons,2,Dwight L. Moody,https://ochorus.com/authors/dwight-l-moody
dwight l. moody books free online,canonical,Books free online,2,Dwight L. Moody,https://ochorus.com/authors/dwight-l-moody
a. b. simpson,canonical,Name (navigational),1,A. B. Simpson,https://ochorus.com/authors/a-b-simpson
a. b. simpson books,canonical,Books,1,A. B. Simpson,https://ochorus.com/authors/a-b-simpson
a. b. simpson biography,canonical,Biography,1,A. B. Simpson,https://ochorus.com/authors/a-b-simpson
who was a. b. simpson,canonical,Who was,2,A. B. Simpson,https://ochorus.com/authors/a-b-simpson
a. b. simpson sermons,canonical,Sermons,2,A. B. Simpson,https://ochorus.com/authors/a-b-simpson
a. b. simpson books free online,canonical,Books free online,2,A. B. Simpson,https://ochorus.com/authors/a-b-simpson
amanda berry smith,canonical,Name (navigational),1,Amanda Berry Smith,https://ochorus.com/authors/amanda-berry-smith
amanda berry smith quotes,canonical,Quotes,1,Amanda Berry Smith,https://ochorus.com/authors/amanda-berry-smith
amanda berry smith books,canonical,Books,1,Amanda Berry Smith,https://ochorus.com/authors/amanda-berry-smith
amanda berry smith biography,canonical,Biography,1,Amanda Berry Smith,https://ochorus.com/authors/amanda-berry-smith
who was amanda berry smith,canonical,Who was,2,Amanda Berry Smith,https://ochorus.com/authors/amanda-berry-smith
amanda berry smith books free online,canonical,Books free online,2,Amanda Berry Smith,https://ochorus.com/authors/amanda-berry-smith
samuel ajayi crowther,canonical,Name (navigational),1,Samuel Ajayi Crowther,https://ochorus.com/authors/samuel-ajayi-crowther
samuel ajayi crowther books,canonical,Books,1,Samuel Ajayi Crowther,https://ochorus.com/authors/samuel-ajayi-crowther
samuel ajayi crowther biography,canonical,Biography,1,Samuel Ajayi Crowther,https://ochorus.com/authors/samuel-ajayi-crowther
who was samuel ajayi crowther,canonical,Who was,2,Samuel Ajayi Crowther,https://ochorus.com/authors/samuel-ajayi-crowther
samuel ajayi crowther books free online,canonical,Books free online,2,Samuel Ajayi Crowther,https://ochorus.com/authors/samuel-ajayi-crowther
richard allen,canonical,Name (navigational),1,Richard Allen,https://ochorus.com/authors/richard-allen
richard allen quotes,canonical,Quotes,1,Richard Allen,https://ochorus.com/authors/richard-allen
richard allen books,canonical,Books,1,Richard Allen,https://ochorus.com/authors/richard-allen
richard allen biography,canonical,Biography,1,Richard Allen,https://ochorus.com/authors/richard-allen
who was richard allen,canonical,Who was,2,Richard Allen,https://ochorus.com/authors/richard-allen
richard allen books free online,canonical,Books free online,2,Richard Allen,https://ochorus.com/authors/richard-allen
festo kivengere,canonical,Name (navigational),1,Festo Kivengere,https://ochorus.com/authors/festo-kivengere
festo kivengere biography,canonical,Biography,1,Festo Kivengere,https://ochorus.com/authors/festo-kivengere
who was festo kivengere,canonical,Who was,2,Festo Kivengere,https://ochorus.com/authors/festo-kivengere
simeon nsibambi,canonical,Name (navigational),1,Simeon Nsibambi,https://ochorus.com/authors/simeon-nsibambi
simeon nsibambi biography,canonical,Biography,1,Simeon Nsibambi,https://ochorus.com/authors/simeon-nsibambi
who was simeon nsibambi,canonical,Who was,2,Simeon Nsibambi,https://ochorus.com/authors/simeon-nsibambi
george müller,canonical,Name (navigational),1,George Müller,https://ochorus.com/authors/george-muller
george müller quotes,canonical,Quotes,1,George Müller,https://ochorus.com/authors/george-muller
george müller books,canonical,Books,1,George Müller,https://ochorus.com/authors/george-muller
george müller biography,canonical,Biography,1,George Müller,https://ochorus.com/authors/george-muller
who was george müller,canonical,Who was,2,George Müller,https://ochorus.com/authors/george-muller
george müller books free online,canonical,Books free online,2,George Müller,https://ochorus.com/authors/george-muller
hudson taylor,canonical,Name (navigational),1,Hudson Taylor,https://ochorus.com/authors/hudson-taylor
hudson taylor quotes,canonical,Quotes,1,Hudson Taylor,https://ochorus.com/authors/hudson-taylor
hudson taylor books,canonical,Books,1,Hudson Taylor,https://ochorus.com/authors/hudson-taylor
hudson taylor biography,canonical,Biography,1,Hudson Taylor,https://ochorus.com/authors/hudson-taylor
who was hudson taylor,canonical,Who was,2,Hudson Taylor,https://ochorus.com/authors/hudson-taylor
hudson taylor sermons,canonical,Sermons,2,Hudson Taylor,https://ochorus.com/authors/hudson-taylor
hudson taylor books free online,canonical,Books free online,2,Hudson Taylor,https://ochorus.com/authors/hudson-taylor
charles g. finney,canonical,Name (navigational),1,Charles G. Finney,https://ochorus.com/authors/charles-finney
charles g. finney books,canonical,Books,1,Charles G. Finney,https://ochorus.com/authors/charles-finney
charles g. finney biography,canonical,Biography,1,Charles G. Finney,https://ochorus.com/authors/charles-finney
who was charles g. finney,canonical,Who was,2,Charles G. Finney,https://ochorus.com/authors/charles-finney
charles g. finney sermons,canonical,Sermons,2,Charles G. Finney,https://ochorus.com/authors/charles-finney
charles g. finney books free online,canonical,Books free online,2,Charles G. Finney,https://ochorus.com/authors/charles-finney
david brainerd,canonical,Name (navigational),1,David Brainerd,https://ochorus.com/authors/david-brainerd
david brainerd books,canonical,Books,1,David Brainerd,https://ochorus.com/authors/david-brainerd
david brainerd biography,canonical,Biography,1,David Brainerd,https://ochorus.com/authors/david-brainerd
who was david brainerd,canonical,Who was,2,David Brainerd,https://ochorus.com/authors/david-brainerd
david brainerd books free online,canonical,Books free online,2,David Brainerd,https://ochorus.com/authors/david-brainerd
john bunyan,canonical,Name (navigational),1,John Bunyan,https://ochorus.com/authors/john-bunyan
john bunyan books,canonical,Books,1,John Bunyan,https://ochorus.com/authors/john-bunyan
john bunyan biography,canonical,Biography,1,John Bunyan,https://ochorus.com/authors/john-bunyan
who was john bunyan,canonical,Who was,2,John Bunyan,https://ochorus.com/authors/john-bunyan
john bunyan books free online,canonical,Books free online,2,John Bunyan,https://ochorus.com/authors/john-bunyan
thomas watson,canonical,Name (navigational),1,Thomas Watson,https://ochorus.com/authors/thomas-watson
thomas watson books,canonical,Books,1,Thomas Watson,https://ochorus.com/authors/thomas-watson
thomas watson biography,canonical,Biography,1,Thomas Watson,https://ochorus.com/authors/thomas-watson
who was thomas watson,canonical,Who was,2,Thomas Watson,https://ochorus.com/authors/thomas-watson
thomas watson books free online,canonical,Books free online,2,Thomas Watson,https://ochorus.com/authors/thomas-watson
richard baxter,canonical,Name (navigational),1,Richard Baxter,https://ochorus.com/authors/richard-baxter
richard baxter books,canonical,Books,1,Richard Baxter,https://ochorus.com/authors/richard-baxter
richard baxter biography,canonical,Biography,1,Richard Baxter,https://ochorus.com/authors/richard-baxter
who was richard baxter,canonical,Who was,2,Richard Baxter,https://ochorus.com/authors/richard-baxter
richard baxter books free online,canonical,Books free online,2,Richard Baxter,https://ochorus.com/authors/richard-baxter
jonathan edwards,canonical,Name (navigational),1,Jonathan Edwards,https://ochorus.com/authors/jonathan-edwards
jonathan edwards quotes,canonical,Quotes,1,Jonathan Edwards,https://ochorus.com/authors/jonathan-edwards
jonathan edwards books,canonical,Books,1,Jonathan Edwards,https://ochorus.com/authors/jonathan-edwards
jonathan edwards biography,canonical,Biography,1,Jonathan Edwards,https://ochorus.com/authors/jonathan-edwards
who was jonathan edwards,canonical,Who was,2,Jonathan Edwards,https://ochorus.com/authors/jonathan-edwards
jonathan edwards sermons,canonical,Sermons,2,Jonathan Edwards,https://ochorus.com/authors/jonathan-edwards
jonathan edwards books free online,canonical,Books free online,2,Jonathan Edwards,https://ochorus.com/authors/jonathan-edwards
george whitefield,canonical,Name (navigational),1,George Whitefield,https://ochorus.com/authors/george-whitefield
george whitefield books,canonical,Books,1,George Whitefield,https://ochorus.com/authors/george-whitefield
george whitefield biography,canonical,Biography,1,George Whitefield,https://ochorus.com/authors/george-whitefield
who was george whitefield,canonical,Who was,2,George Whitefield,https://ochorus.com/authors/george-whitefield
george whitefield sermons,canonical,Sermons,2,George Whitefield,https://ochorus.com/authors/george-whitefield
george whitefield books free online,canonical,Books free online,2,George Whitefield,https://ochorus.com/authors/george-whitefield
john wesley,canonical,Name (navigational),1,John Wesley,https://ochorus.com/authors/john-wesley
john wesley quotes,canonical,Quotes,1,John Wesley,https://ochorus.com/authors/john-wesley
john wesley books,canonical,Books,1,John Wesley,https://ochorus.com/authors/john-wesley
john wesley biography,canonical,Biography,1,John Wesley,https://ochorus.com/authors/john-wesley
who was john wesley,canonical,Who was,2,John Wesley,https://ochorus.com/authors/john-wesley
john wesley sermons,canonical,Sermons,2,John Wesley,https://ochorus.com/authors/john-wesley
john wesley books free online,canonical,Books free online,2,John Wesley,https://ochorus.com/authors/john-wesley
augustine of hippo,canonical,Name (navigational),1,Augustine of Hippo,https://ochorus.com/authors/augustine-of-hippo
augustine of hippo quotes,canonical,Quotes,1,Augustine of Hippo,https://ochorus.com/authors/augustine-of-hippo
augustine of hippo books,canonical,Books,1,Augustine of Hippo,https://ochorus.com/authors/augustine-of-hippo
augustine of hippo biography,canonical,Biography,1,Augustine of Hippo,https://ochorus.com/authors/augustine-of-hippo
who was augustine of hippo,canonical,Who was,2,Augustine of Hippo,https://ochorus.com/authors/augustine-of-hippo
augustine of hippo books free online,canonical,Books free online,2,Augustine of Hippo,https://ochorus.com/authors/augustine-of-hippo
lemuel haynes,canonical,Name (navigational),1,Lemuel Haynes,https://ochorus.com/authors/lemuel-haynes
lemuel haynes biography,canonical,Biography,1,Lemuel Haynes,https://ochorus.com/authors/lemuel-haynes
who was lemuel haynes,canonical,Who was,2,Lemuel Haynes,https://ochorus.com/authors/lemuel-haynes
william law,canonical,Name (navigational),1,William Law,https://ochorus.com/authors/william-law
william law books,canonical,Books,1,William Law,https://ochorus.com/authors/william-law
william law biography,canonical,Biography,1,William Law,https://ochorus.com/authors/william-law
who was william law,canonical,Who was,2,William Law,https://ochorus.com/authors/william-law
william law books free online,canonical,Books free online,2,William Law,https://ochorus.com/authors/william-law
thomas à kempis,canonical,Name (navigational),1,Thomas à Kempis,https://ochorus.com/authors/thomas-a-kempis
thomas à kempis quotes,canonical,Quotes,1,Thomas à Kempis,https://ochorus.com/authors/thomas-a-kempis
thomas à kempis books,canonical,Books,1,Thomas à Kempis,https://ochorus.com/authors/thomas-a-kempis
thomas à kempis biography,canonical,Biography,1,Thomas à Kempis,https://ochorus.com/authors/thomas-a-kempis
who was thomas à kempis,canonical,Who was,2,Thomas à Kempis,https://ochorus.com/authors/thomas-a-kempis
thomas à kempis books free online,canonical,Books free online,2,Thomas à Kempis,https://ochorus.com/authors/thomas-a-kempis
clement of rome,canonical,Name (navigational),1,Clement of Rome,https://ochorus.com/authors/clement-of-rome
clement of rome books,canonical,Books,1,Clement of Rome,https://ochorus.com/authors/clement-of-rome
clement of rome biography,canonical,Biography,1,Clement of Rome,https://ochorus.com/authors/clement-of-rome
who was clement of rome,canonical,Who was,2,Clement of Rome,https://ochorus.com/authors/clement-of-rome
clement of rome books free online,canonical,Books free online,2,Clement of Rome,https://ochorus.com/authors/clement-of-rome
ignatius of antioch,canonical,Name (navigational),1,Ignatius of Antioch,https://ochorus.com/authors/ignatius-of-antioch
ignatius of antioch books,canonical,Books,1,Ignatius of Antioch,https://ochorus.com/authors/ignatius-of-antioch
ignatius of antioch biography,canonical,Biography,1,Ignatius of Antioch,https://ochorus.com/authors/ignatius-of-antioch
who was ignatius of antioch,canonical,Who was,2,Ignatius of Antioch,https://ochorus.com/authors/ignatius-of-antioch
ignatius of antioch books free online,canonical,Books free online,2,Ignatius of Antioch,https://ochorus.com/authors/ignatius-of-antioch
cyprian of carthage,canonical,Name (navigational),1,Cyprian of Carthage,https://ochorus.com/authors/cyprian-of-carthage
cyprian of carthage books,canonical,Books,1,Cyprian of Carthage,https://ochorus.com/authors/cyprian-of-carthage
cyprian of carthage biography,canonical,Biography,1,Cyprian of Carthage,https://ochorus.com/authors/cyprian-of-carthage
who was cyprian of carthage,canonical,Who was,2,Cyprian of Carthage,https://ochorus.com/authors/cyprian-of-carthage
cyprian of carthage books free online,canonical,Books free online,2,Cyprian of Carthage,https://ochorus.com/authors/cyprian-of-carthage
athanasius of alexandria,canonical,Name (navigational),1,Athanasius of Alexandria,https://ochorus.com/authors/athanasius-of-alexandria
athanasius of alexandria books,canonical,Books,1,Athanasius of Alexandria,https://ochorus.com/authors/athanasius-of-alexandria
athanasius of alexandria biography,canonical,Biography,1,Athanasius of Alexandria,https://ochorus.com/authors/athanasius-of-alexandria
who was athanasius of alexandria,canonical,Who was,2,Athanasius of Alexandria,https://ochorus.com/authors/athanasius-of-alexandria
athanasius of alexandria books free online,canonical,Books free online,2,Athanasius of Alexandria,https://ochorus.com/authors/athanasius-of-alexandria
john chrysostom,canonical,Name (navigational),1,John Chrysostom,https://ochorus.com/authors/john-chrysostom
john chrysostom books,canonical,Books,1,John Chrysostom,https://ochorus.com/authors/john-chrysostom
john chrysostom biography,canonical,Biography,1,John Chrysostom,https://ochorus.com/authors/john-chrysostom
who was john chrysostom,canonical,Who was,2,John Chrysostom,https://ochorus.com/authors/john-chrysostom
john chrysostom sermons,canonical,Sermons,2,John Chrysostom,https://ochorus.com/authors/john-chrysostom
john chrysostom books free online,canonical,Books free online,2,John Chrysostom,https://ochorus.com/authors/john-chrysostom
john cassian,canonical,Name (navigational),1,John Cassian,https://ochorus.com/authors/john-cassian
john cassian biography,canonical,Biography,1,John Cassian,https://ochorus.com/authors/john-cassian
who was john cassian,canonical,Who was,2,John Cassian,https://ochorus.com/authors/john-cassian
anselm of canterbury,canonical,Name (navigational),1,Anselm of Canterbury,https://ochorus.com/authors/anselm-of-canterbury
anselm of canterbury biography,canonical,Biography,1,Anselm of Canterbury,https://ochorus.com/authors/anselm-of-canterbury
who was anselm of canterbury,canonical,Who was,2,Anselm of Canterbury,https://ochorus.com/authors/anselm-of-canterbury
bernard of clairvaux,canonical,Name (navigational),1,Bernard of Clairvaux,https://ochorus.com/authors/bernard-of-clairvaux
bernard of clairvaux books,canonical,Books,1,Bernard of Clairvaux,https://ochorus.com/authors/bernard-of-clairvaux
bernard of clairvaux biography,canonical,Biography,1,Bernard of Clairvaux,https://ochorus.com/authors/bernard-of-clairvaux
who was bernard of clairvaux,canonical,Who was,2,Bernard of Clairvaux,https://ochorus.com/authors/bernard-of-clairvaux
bernard of clairvaux books free online,canonical,Books free online,2,Bernard of Clairvaux,https://ochorus.com/authors/bernard-of-clairvaux
e. m. bounds,canonical,Name (navigational),1,E. M. Bounds,https://ochorus.com/authors/e-m-bounds
e. m. bounds quotes,canonical,Quotes,1,E. M. Bounds,https://ochorus.com/authors/e-m-bounds
e. m. bounds books,canonical,Books,1,E. M. Bounds,https://ochorus.com/authors/e-m-bounds
e. m. bounds biography,canonical,Biography,1,E. M. Bounds,https://ochorus.com/authors/e-m-bounds
who was e. m. bounds,canonical,Who was,2,E. M. Bounds,https://ochorus.com/authors/e-m-bounds
e. m. bounds books free online,canonical,Books free online,2,E. M. Bounds,https://ochorus.com/authors/e-m-bounds
richard sibbes,canonical,Name (navigational),1,Richard Sibbes,https://ochorus.com/authors/richard-sibbes
richard sibbes books,canonical,Books,1,Richard Sibbes,https://ochorus.com/authors/richard-sibbes
richard sibbes biography,canonical,Biography,1,Richard Sibbes,https://ochorus.com/authors/richard-sibbes
who was richard sibbes,canonical,Who was,2,Richard Sibbes,https://ochorus.com/authors/richard-sibbes
richard sibbes books free online,canonical,Books free online,2,Richard Sibbes,https://ochorus.com/authors/richard-sibbes
john owen,canonical,Name (navigational),1,John Owen,https://ochorus.com/authors/john-owen
john owen books,canonical,Books,1,John Owen,https://ochorus.com/authors/john-owen
john owen biography,canonical,Biography,1,John Owen,https://ochorus.com/authors/john-owen
who was john owen,canonical,Who was,2,John Owen,https://ochorus.com/authors/john-owen
john owen books free online,canonical,Books free online,2,John Owen,https://ochorus.com/authors/john-owen
martin luther,canonical,Name (navigational),1,Martin Luther,https://ochorus.com/authors/martin-luther
martin luther biography,canonical,Biography,1,Martin Luther,https://ochorus.com/authors/martin-luther
who was martin luther,canonical,Who was,2,Martin Luther,https://ochorus.com/authors/martin-luther
martin luther sermons,canonical,Sermons,2,Martin Luther,https://ochorus.com/authors/martin-luther
john calvin,canonical,Name (navigational),1,John Calvin,https://ochorus.com/authors/john-calvin
john calvin biography,canonical,Biography,1,John Calvin,https://ochorus.com/authors/john-calvin
who was john calvin,canonical,Who was,2,John Calvin,https://ochorus.com/authors/john-calvin
john calvin sermons,canonical,Sermons,2,John Calvin,https://ochorus.com/authors/john-calvin
erica sabiti,canonical,Name (navigational),1,Erica Sabiti,https://ochorus.com/authors/erica-sabiti
erica sabiti biography,canonical,Biography,1,Erica Sabiti,https://ochorus.com/authors/erica-sabiti
who was erica sabiti,canonical,Who was,2,Erica Sabiti,https://ochorus.com/authors/erica-sabiti
jarena lee,canonical,Name (navigational),1,Jarena Lee,https://ochorus.com/authors/jarena-lee
jarena lee books,canonical,Books,1,Jarena Lee,https://ochorus.com/authors/jarena-lee
jarena lee biography,canonical,Biography,1,Jarena Lee,https://ochorus.com/authors/jarena-lee
who was jarena lee,canonical,Who was,2,Jarena Lee,https://ochorus.com/authors/jarena-lee
jarena lee books free online,canonical,Books free online,2,Jarena Lee,https://ochorus.com/authors/jarena-lee
julia a. j. foote,canonical,Name (navigational),1,Julia A. J. Foote,https://ochorus.com/authors/julia-foote
julia a. j. foote books,canonical,Books,1,Julia A. J. Foote,https://ochorus.com/authors/julia-foote
julia a. j. foote biography,canonical,Biography,1,Julia A. J. Foote,https://ochorus.com/authors/julia-foote
who was julia a. j. foote,canonical,Who was,2,Julia A. J. Foote,https://ochorus.com/authors/julia-foote
julia a. j. foote books free online,canonical,Books free online,2,Julia A. J. Foote,https://ochorus.com/authors/julia-foote
joe church,canonical,Name (navigational),1,Joe Church,https://ochorus.com/authors/joe-church
joe church biography,canonical,Biography,1,Joe Church,https://ochorus.com/authors/joe-church
who was joe church,canonical,Who was,2,Joe Church,https://ochorus.com/authors/joe-church
yosiya kinuka,canonical,Name (navigational),1,Yosiya Kinuka,https://ochorus.com/authors/yosiya-kinuka
yosiya kinuka biography,canonical,Biography,1,Yosiya Kinuka,https://ochorus.com/authors/yosiya-kinuka
who was yosiya kinuka,canonical,Who was,2,Yosiya Kinuka,https://ochorus.com/authors/yosiya-kinuka
blasio kigozi,canonical,Name (navigational),1,Blasio Kigozi,https://ochorus.com/authors/blasio-kigozi
blasio kigozi biography,canonical,Biography,1,Blasio Kigozi,https://ochorus.com/authors/blasio-kigozi
who was blasio kigozi,canonical,Who was,2,Blasio Kigozi,https://ochorus.com/authors/blasio-kigozi
william nagenda,canonical,Name (navigational),1,William Nagenda,https://ochorus.com/authors/william-nagenda
william nagenda biography,canonical,Biography,1,William Nagenda,https://ochorus.com/authors/william-nagenda
who was william nagenda,canonical,Who was,2,William Nagenda,https://ochorus.com/authors/william-nagenda
yona kanamuzeyi,canonical,Name (navigational),1,Yona Kanamuzeyi,https://ochorus.com/authors/yona-kanamuzeyi
yona kanamuzeyi biography,canonical,Biography,1,Yona Kanamuzeyi,https://ochorus.com/authors/yona-kanamuzeyi
who was yona kanamuzeyi,canonical,Who was,2,Yona Kanamuzeyi,https://ochorus.com/authors/yona-kanamuzeyi
janani luwum,canonical,Name (navigational),1,Janani Luwum,https://ochorus.com/authors/janani-luwum
janani luwum biography,canonical,Biography,1,Janani Luwum,https://ochorus.com/authors/janani-luwum
who was janani luwum,canonical,Who was,2,Janani Luwum,https://ochorus.com/authors/janani-luwum
lawrence barham,canonical,Name (navigational),1,Lawrence Barham,https://ochorus.com/authors/lawrence-barham
lawrence barham biography,canonical,Biography,1,Lawrence Barham,https://ochorus.com/authors/lawrence-barham
who was lawrence barham,canonical,Who was,2,Lawrence Barham,https://ochorus.com/authors/lawrence-barham
rees howells,canonical,Name (navigational),1,Rees Howells,https://ochorus.com/authors/rees-howells
rees howells biography,canonical,Biography,1,Rees Howells,https://ochorus.com/authors/rees-howells
who was rees howells,canonical,Who was,2,Rees Howells,https://ochorus.com/authors/rees-howells
john hyde,canonical,Name (navigational),1,John Hyde,https://ochorus.com/authors/john-hyde
john hyde biography,canonical,Biography,1,John Hyde,https://ochorus.com/authors/john-hyde
who was john hyde,canonical,Who was,2,John Hyde,https://ochorus.com/authors/john-hyde
gregory the great,canonical,Name (navigational),1,Gregory the Great,https://ochorus.com/authors/gregory-the-great
gregory the great biography,canonical,Biography,1,Gregory the Great,https://ochorus.com/authors/gregory-the-great
who was gregory the great,canonical,Who was,2,Gregory the Great,https://ochorus.com/authors/gregory-the-great
george herbert,canonical,Name (navigational),1,George Herbert,https://ochorus.com/authors/george-herbert
george herbert biography,canonical,Biography,1,George Herbert,https://ochorus.com/authors/george-herbert
who was george herbert,canonical,Who was,2,George Herbert,https://ochorus.com/authors/george-herbert
john newton,canonical,Name (navigational),1,John Newton,https://ochorus.com/authors/john-newton
john newton biography,canonical,Biography,1,John Newton,https://ochorus.com/authors/john-newton
who was john newton,canonical,Who was,2,John Newton,https://ochorus.com/authors/john-newton
john newton sermons,canonical,Sermons,2,John Newton,https://ochorus.com/authors/john-newton
robert murray m’cheyne,canonical,Name (navigational),1,Robert Murray M’Cheyne,https://ochorus.com/authors/robert-murray-mcheyne
robert murray m’cheyne biography,canonical,Biography,1,Robert Murray M’Cheyne,https://ochorus.com/authors/robert-murray-mcheyne
who was robert murray m’cheyne,canonical,Who was,2,Robert Murray M’Cheyne,https://ochorus.com/authors/robert-murray-mcheyne
robert murray m’cheyne sermons,canonical,Sermons,2,Robert Murray M’Cheyne,https://ochorus.com/authors/robert-murray-mcheyne
christmas evans,canonical,Name (navigational),1,Christmas Evans,https://ochorus.com/authors/christmas-evans
christmas evans biography,canonical,Biography,1,Christmas Evans,https://ochorus.com/authors/christmas-evans
who was christmas evans,canonical,Who was,2,Christmas Evans,https://ochorus.com/authors/christmas-evans
christmas evans sermons,canonical,Sermons,2,Christmas Evans,https://ochorus.com/authors/christmas-evans
monica of hippo,canonical,Name (navigational),1,Monica of Hippo,https://ochorus.com/authors/monica-of-hippo
monica of hippo biography,canonical,Biography,1,Monica of Hippo,https://ochorus.com/authors/monica-of-hippo
who was monica of hippo,canonical,Who was,2,Monica of Hippo,https://ochorus.com/authors/monica-of-hippo
teresa of ávila,canonical,Name (navigational),1,Teresa of Ávila,https://ochorus.com/authors/teresa-of-avila
teresa of ávila biography,canonical,Biography,1,Teresa of Ávila,https://ochorus.com/authors/teresa-of-avila
who was teresa of ávila,canonical,Who was,2,Teresa of Ávila,https://ochorus.com/authors/teresa-of-avila
corrie ten boom,canonical,Name (navigational),1,Corrie ten Boom,https://ochorus.com/authors/corrie-ten-boom
corrie ten boom biography,canonical,Biography,1,Corrie ten Boom,https://ochorus.com/authors/corrie-ten-boom
who was corrie ten boom,canonical,Who was,2,Corrie ten Boom,https://ochorus.com/authors/corrie-ten-boom
lottie moon,canonical,Name (navigational),1,Lottie Moon,https://ochorus.com/authors/lottie-moon
lottie moon biography,canonical,Biography,1,Lottie Moon,https://ochorus.com/authors/lottie-moon
who was lottie moon,canonical,Who was,2,Lottie Moon,https://ochorus.com/authors/lottie-moon
mary slessor,canonical,Name (navigational),1,Mary Slessor,https://ochorus.com/authors/mary-slessor
mary slessor biography,canonical,Biography,1,Mary Slessor,https://ochorus.com/authors/mary-slessor
who was mary slessor,canonical,Who was,2,Mary Slessor,https://ochorus.com/authors/mary-slessor
gladys aylward,canonical,Name (navigational),1,Gladys Aylward,https://ochorus.com/authors/gladys-aylward
gladys aylward biography,canonical,Biography,1,Gladys Aylward,https://ochorus.com/authors/gladys-aylward
who was gladys aylward,canonical,Who was,2,Gladys Aylward,https://ochorus.com/authors/gladys-aylward
evelyn christenson,canonical,Name (navigational),1,Evelyn Christenson,https://ochorus.com/authors/evelyn-christenson
evelyn christenson biography,canonical,Biography,1,Evelyn Christenson,https://ochorus.com/authors/evelyn-christenson
who was evelyn christenson,canonical,Who was,2,Evelyn Christenson,https://ochorus.com/authors/evelyn-christenson
william carey,canonical,Name (navigational),1,William Carey,https://ochorus.com/authors/william-carey
william carey biography,canonical,Biography,1,William Carey,https://ochorus.com/authors/william-carey
who was william carey,canonical,Who was,2,William Carey,https://ochorus.com/authors/william-carey
david livingstone,canonical,Name (navigational),1,David Livingstone,https://ochorus.com/authors/david-livingstone
david livingstone biography,canonical,Biography,1,David Livingstone,https://ochorus.com/authors/david-livingstone
who was david livingstone,canonical,Who was,2,David Livingstone,https://ochorus.com/authors/david-livingstone
pandita ramabai,canonical,Name (navigational),1,Pandita Ramabai,https://ochorus.com/authors/pandita-ramabai
pandita ramabai biography,canonical,Biography,1,Pandita Ramabai,https://ochorus.com/authors/pandita-ramabai
who was pandita ramabai,canonical,Who was,2,Pandita Ramabai,https://ochorus.com/authors/pandita-ramabai
c. t. studd,canonical,Name (navigational),1,C. T. Studd,https://ochorus.com/authors/c-t-studd
c. t. studd biography,canonical,Biography,1,C. T. Studd,https://ochorus.com/authors/c-t-studd
who was c. t. studd,canonical,Who was,2,C. T. Studd,https://ochorus.com/authors/c-t-studd
john stott,canonical,Name (navigational),1,John Stott,https://ochorus.com/authors/john-stott
john stott biography,canonical,Biography,1,John Stott,https://ochorus.com/authors/john-stott
who was john stott,canonical,Who was,2,John Stott,https://ochorus.com/authors/john-stott
helen roseveare,canonical,Name (navigational),1,Helen Roseveare,https://ochorus.com/authors/helen-roseveare
helen roseveare biography,canonical,Biography,1,Helen Roseveare,https://ochorus.com/authors/helen-roseveare
who was helen roseveare,canonical,Who was,2,Helen Roseveare,https://ochorus.com/authors/helen-roseveare
jim elliot,canonical,Name (navigational),1,Jim Elliot,https://ochorus.com/authors/jim-elliot
jim elliot biography,canonical,Biography,1,Jim Elliot,https://ochorus.com/authors/jim-elliot
who was jim elliot,canonical,Who was,2,Jim Elliot,https://ochorus.com/authors/jim-elliot
elisabeth elliot,canonical,Name (navigational),1,Elisabeth Elliot,https://ochorus.com/authors/elisabeth-elliot
elisabeth elliot biography,canonical,Biography,1,Elisabeth Elliot,https://ochorus.com/authors/elisabeth-elliot
who was elisabeth elliot,canonical,Who was,2,Elisabeth Elliot,https://ochorus.com/authors/elisabeth-elliot
a. w. tozer,canonical,Name (navigational),1,A. W. Tozer,https://ochorus.com/authors/a-w-tozer
a. w. tozer biography,canonical,Biography,1,A. W. Tozer,https://ochorus.com/authors/a-w-tozer
who was a. w. tozer,canonical,Who was,2,A. W. Tozer,https://ochorus.com/authors/a-w-tozer
dietrich bonhoeffer,canonical,Name (navigational),1,Dietrich Bonhoeffer,https://ochorus.com/authors/dietrich-bonhoeffer
dietrich bonhoeffer biography,canonical,Biography,1,Dietrich Bonhoeffer,https://ochorus.com/authors/dietrich-bonhoeffer
who was dietrich bonhoeffer,canonical,Who was,2,Dietrich Bonhoeffer,https://ochorus.com/authors/dietrich-bonhoeffer
martyn lloyd-jones,canonical,Name (navigational),1,Martyn Lloyd-Jones,https://ochorus.com/authors/martyn-lloyd-jones
martyn lloyd-jones biography,canonical,Biography,1,Martyn Lloyd-Jones,https://ochorus.com/authors/martyn-lloyd-jones
who was martyn lloyd-jones,canonical,Who was,2,Martyn Lloyd-Jones,https://ochorus.com/authors/martyn-lloyd-jones
billy graham,canonical,Name (navigational),1,Billy Graham,https://ochorus.com/authors/billy-graham
billy graham biography,canonical,Biography,1,Billy Graham,https://ochorus.com/authors/billy-graham
who was billy graham,canonical,Who was,2,Billy Graham,https://ochorus.com/authors/billy-graham
henry blackaby,canonical,Name (navigational),1,Henry Blackaby,https://ochorus.com/authors/henry-blackaby
henry blackaby biography,canonical,Biography,1,Henry Blackaby,https://ochorus.com/authors/henry-blackaby
who was henry blackaby,canonical,Who was,2,Henry Blackaby,https://ochorus.com/authors/henry-blackaby
bill bright,canonical,Name (navigational),1,Bill Bright,https://ochorus.com/authors/bill-bright
bill bright biography,canonical,Biography,1,Bill Bright,https://ochorus.com/authors/bill-bright
who was bill bright,canonical,Who was,2,Bill Bright,https://ochorus.com/authors/bill-bright
loren cunningham,canonical,Name (navigational),1,Loren Cunningham,https://ochorus.com/authors/loren-cunningham
loren cunningham biography,canonical,Biography,1,Loren Cunningham,https://ochorus.com/authors/loren-cunningham
who was loren cunningham,canonical,Who was,2,Loren Cunningham,https://ochorus.com/authors/loren-cunningham
derek prince,canonical,Name (navigational),1,Derek Prince,https://ochorus.com/authors/derek-prince
derek prince biography,canonical,Biography,1,Derek Prince,https://ochorus.com/authors/derek-prince
who was derek prince,canonical,Who was,2,Derek Prince,https://ochorus.com/authors/derek-prince
timothy keller,canonical,Name (navigational),1,Timothy Keller,https://ochorus.com/authors/timothy-keller
timothy keller biography,canonical,Biography,1,Timothy Keller,https://ochorus.com/authors/timothy-keller
who was timothy keller,canonical,Who was,2,Timothy Keller,https://ochorus.com/authors/timothy-keller
j. c. ryle,canonical,Name (navigational),1,J. C. Ryle,https://ochorus.com/authors/j-c-ryle
j. c. ryle biography,canonical,Biography,1,J. C. Ryle,https://ochorus.com/authors/j-c-ryle
who was j. c. ryle,canonical,Who was,2,J. C. Ryle,https://ochorus.com/authors/j-c-ryle
j. c. ryle sermons,canonical,Sermons,2,J. C. Ryle,https://ochorus.com/authors/j-c-ryle
alexander maclaren,canonical,Name (navigational),1,Alexander Maclaren,https://ochorus.com/authors/alexander-maclaren
alexander maclaren biography,canonical,Biography,1,Alexander Maclaren,https://ochorus.com/authors/alexander-maclaren
who was alexander maclaren,canonical,Who was,2,Alexander Maclaren,https://ochorus.com/authors/alexander-maclaren
alexander maclaren sermons,canonical,Sermons,2,Alexander Maclaren,https://ochorus.com/authors/alexander-maclaren
charles spurgeon,short,Name (navigational),1,Charles H. Spurgeon,https://ochorus.com/authors/charles-h-spurgeon
charles spurgeon quotes,short,Quotes,1,Charles H. Spurgeon,https://ochorus.com/authors/charles-h-spurgeon
charles spurgeon books,short,Books,1,Charles H. Spurgeon,https://ochorus.com/authors/charles-h-spurgeon
charles spurgeon biography,short,Biography,1,Charles H. Spurgeon,https://ochorus.com/authors/charles-h-spurgeon
who was charles spurgeon,short,Who was,2,Charles H. Spurgeon,https://ochorus.com/authors/charles-h-spurgeon
charles spurgeon sermons,short,Sermons,2,Charles H. Spurgeon,https://ochorus.com/authors/charles-h-spurgeon
charles spurgeon books free online,short,Books free online,2,Charles H. Spurgeon,https://ochorus.com/authors/charles-h-spurgeon
spurgeon,short,Name (navigational),1,Charles H. Spurgeon,https://ochorus.com/authors/charles-h-spurgeon
spurgeon quotes,short,Quotes,1,Charles H. Spurgeon,https://ochorus.com/authors/charles-h-spurgeon
spurgeon books,short,Books,1,Charles H. Spurgeon,https://ochorus.com/authors/charles-h-spurgeon
spurgeon biography,short,Biography,1,Charles H. Spurgeon,https://ochorus.com/authors/charles-h-spurgeon
who was spurgeon,short,Who was,2,Charles H. Spurgeon,https://ochorus.com/authors/charles-h-spurgeon
spurgeon sermons,short,Sermons,2,Charles H. Spurgeon,https://ochorus.com/authors/charles-h-spurgeon
spurgeon books free online,short,Books free online,2,Charles H. Spurgeon,https://ochorus.com/authors/charles-h-spurgeon
dwight moody,short,Name (navigational),1,Dwight L. Moody,https://ochorus.com/authors/dwight-l-moody
dwight moody books,short,Books,1,Dwight L. Moody,https://ochorus.com/authors/dwight-l-moody
dwight moody biography,short,Biography,1,Dwight L. Moody,https://ochorus.com/authors/dwight-l-moody
who was dwight moody,short,Who was,2,Dwight L. Moody,https://ochorus.com/authors/dwight-l-moody
dwight moody sermons,short,Sermons,2,Dwight L. Moody,https://ochorus.com/authors/dwight-l-moody
dwight moody books free online,short,Books free online,2,Dwight L. Moody,https://ochorus.com/authors/dwight-l-moody
moody,short,Name (navigational),1,Dwight L. Moody,https://ochorus.com/authors/dwight-l-moody
moody books,short,Books,1,Dwight L. Moody,https://ochorus.com/authors/dwight-l-moody
moody biography,short,Biography,1,Dwight L. Moody,https://ochorus.com/authors/dwight-l-moody
who was moody,short,Who was,2,Dwight L. Moody,https://ochorus.com/authors/dwight-l-moody
moody sermons,short,Sermons,2,Dwight L. Moody,https://ochorus.com/authors/dwight-l-moody
moody books free online,short,Books free online,2,Dwight L. Moody,https://ochorus.com/authors/dwight-l-moody
george muller,short,Name (navigational),1,George Müller,https://ochorus.com/authors/george-muller
george muller quotes,short,Quotes,1,George Müller,https://ochorus.com/authors/george-muller
george muller books,short,Books,1,George Müller,https://ochorus.com/authors/george-muller
george muller biography,short,Biography,1,George Müller,https://ochorus.com/authors/george-muller
who was george muller,short,Who was,2,George Müller,https://ochorus.com/authors/george-muller
george muller books free online,short,Books free online,2,George Müller,https://ochorus.com/authors/george-muller
george mueller,short,Name (navigational),1,George Müller,https://ochorus.com/authors/george-muller
george mueller quotes,short,Quotes,1,George Müller,https://ochorus.com/authors/george-muller
george mueller books,short,Books,1,George Müller,https://ochorus.com/authors/george-muller
george mueller biography,short,Biography,1,George Müller,https://ochorus.com/authors/george-muller
who was george mueller,short,Who was,2,George Müller,https://ochorus.com/authors/george-muller
george mueller books free online,short,Books free online,2,George Müller,https://ochorus.com/authors/george-muller
f. b. meyer,short,Name (navigational),1,Frederick Brotherton Meyer,https://ochorus.com/authors/frederick-brotherton-meyer
f. b. meyer books,short,Books,1,Frederick Brotherton Meyer,https://ochorus.com/authors/frederick-brotherton-meyer
f. b. meyer biography,short,Biography,1,Frederick Brotherton Meyer,https://ochorus.com/authors/frederick-brotherton-meyer
who was f. b. meyer,short,Who was,2,Frederick Brotherton Meyer,https://ochorus.com/authors/frederick-brotherton-meyer
f. b. meyer books free online,short,Books free online,2,Frederick Brotherton Meyer,https://ochorus.com/authors/frederick-brotherton-meyer
charles finney,short,Name (navigational),1,Charles G. Finney,https://ochorus.com/authors/charles-finney
charles finney books,short,Books,1,Charles G. Finney,https://ochorus.com/authors/charles-finney
charles finney biography,short,Biography,1,Charles G. Finney,https://ochorus.com/authors/charles-finney
who was charles finney,short,Who was,2,Charles G. Finney,https://ochorus.com/authors/charles-finney
charles finney sermons,short,Sermons,2,Charles G. Finney,https://ochorus.com/authors/charles-finney
charles finney books free online,short,Books free online,2,Charles G. Finney,https://ochorus.com/authors/charles-finney
saint augustine,short,Name (navigational),1,Augustine of Hippo,https://ochorus.com/authors/augustine-of-hippo
saint augustine quotes,short,Quotes,1,Augustine of Hippo,https://ochorus.com/authors/augustine-of-hippo
saint augustine books,short,Books,1,Augustine of Hippo,https://ochorus.com/authors/augustine-of-hippo
saint augustine biography,short,Biography,1,Augustine of Hippo,https://ochorus.com/authors/augustine-of-hippo
who was saint augustine,short,Who was,2,Augustine of Hippo,https://ochorus.com/authors/augustine-of-hippo
saint augustine books free online,short,Books free online,2,Augustine of Hippo,https://ochorus.com/authors/augustine-of-hippo
augustine,short,Name (navigational),1,Augustine of Hippo,https://ochorus.com/authors/augustine-of-hippo
augustine quotes,short,Quotes,1,Augustine of Hippo,https://ochorus.com/authors/augustine-of-hippo
augustine books,short,Books,1,Augustine of Hippo,https://ochorus.com/authors/augustine-of-hippo
augustine biography,short,Biography,1,Augustine of Hippo,https://ochorus.com/authors/augustine-of-hippo
who was augustine,short,Who was,2,Augustine of Hippo,https://ochorus.com/authors/augustine-of-hippo
augustine books free online,short,Books free online,2,Augustine of Hippo,https://ochorus.com/authors/augustine-of-hippo
thomas a kempis,short,Name (navigational),1,Thomas à Kempis,https://ochorus.com/authors/thomas-a-kempis
thomas a kempis quotes,short,Quotes,1,Thomas à Kempis,https://ochorus.com/authors/thomas-a-kempis
thomas a kempis books,short,Books,1,Thomas à Kempis,https://ochorus.com/authors/thomas-a-kempis
thomas a kempis biography,short,Biography,1,Thomas à Kempis,https://ochorus.com/authors/thomas-a-kempis
who was thomas a kempis,short,Who was,2,Thomas à Kempis,https://ochorus.com/authors/thomas-a-kempis
thomas a kempis books free online,short,Books free online,2,Thomas à Kempis,https://ochorus.com/authors/thomas-a-kempis
julia foote,short,Name (navigational),1,Julia A. J. Foote,https://ochorus.com/authors/julia-foote
julia foote books,short,Books,1,Julia A. J. Foote,https://ochorus.com/authors/julia-foote
julia foote biography,short,Biography,1,Julia A. J. Foote,https://ochorus.com/authors/julia-foote
who was julia foote,short,Who was,2,Julia A. J. Foote,https://ochorus.com/authors/julia-foote
julia foote books free online,short,Books free online,2,Julia A. J. Foote,https://ochorus.com/authors/julia-foote
samuel crowther,short,Name (navigational),1,Samuel Ajayi Crowther,https://ochorus.com/authors/samuel-ajayi-crowther
samuel crowther books,short,Books,1,Samuel Ajayi Crowther,https://ochorus.com/authors/samuel-ajayi-crowther
samuel crowther biography,short,Biography,1,Samuel Ajayi Crowther,https://ochorus.com/authors/samuel-ajayi-crowther
who was samuel crowther,short,Who was,2,Samuel Ajayi Crowther,https://ochorus.com/authors/samuel-ajayi-crowther
samuel crowther books free online,short,Books free online,2,Samuel Ajayi Crowther,https://ochorus.com/authors/samuel-ajayi-crowther
robert murray mccheyne,short,Name (navigational),1,Robert Murray M’Cheyne,https://ochorus.com/authors/robert-murray-mcheyne
robert murray mccheyne biography,short,Biography,1,Robert Murray M’Cheyne,https://ochorus.com/authors/robert-murray-mcheyne
who was robert murray mccheyne,short,Who was,2,Robert Murray M’Cheyne,https://ochorus.com/authors/robert-murray-mcheyne
robert murray mccheyne sermons,short,Sermons,2,Robert Murray M’Cheyne,https://ochorus.com/authors/robert-murray-mcheyne
hannah smith,short,Name (navigational),1,Hannah Whitall Smith,https://ochorus.com/authors/hannah-whitall-smith
hannah smith books,short,Books,1,Hannah Whitall Smith,https://ochorus.com/authors/hannah-whitall-smith
hannah smith biography,short,Biography,1,Hannah Whitall Smith,https://ochorus.com/authors/hannah-whitall-smith
who was hannah smith,short,Who was,2,Hannah Whitall Smith,https://ochorus.com/authors/hannah-whitall-smith
hannah smith books free online,short,Books free online,2,Hannah Whitall Smith,https://ochorus.com/authors/hannah-whitall-smith
tozer,short,Name (navigational),1,A. W. Tozer,https://ochorus.com/authors/a-w-tozer
tozer biography,short,Biography,1,A. W. Tozer,https://ochorus.com/authors/a-w-tozer
who was tozer,short,Who was,2,A. W. Tozer,https://ochorus.com/authors/a-w-tozer
tim keller,short,Name (navigational),1,Timothy Keller,https://ochorus.com/authors/timothy-keller
tim keller biography,short,Biography,1,Timothy Keller,https://ochorus.com/authors/timothy-keller
who was tim keller,short,Who was,2,Timothy Keller,https://ochorus.com/authors/timothy-keller
ryle,short,Name (navigational),1,J. C. Ryle,https://ochorus.com/authors/j-c-ryle
ryle biography,short,Biography,1,J. C. Ryle,https://ochorus.com/authors/j-c-ryle
who was ryle,short,Who was,2,J. C. Ryle,https://ochorus.com/authors/j-c-ryle
ryle sermons,short,Sermons,2,J. C. Ryle,https://ochorus.com/authors/j-c-ryle
torrey,short,Name (navigational),1,R. A. Torrey,https://ochorus.com/authors/r-a-torrey
torrey books,short,Books,1,R. A. Torrey,https://ochorus.com/authors/r-a-torrey
torrey biography,short,Biography,1,R. A. Torrey,https://ochorus.com/authors/r-a-torrey
who was torrey,short,Who was,2,R. A. Torrey,https://ochorus.com/authors/r-a-torrey
torrey sermons,short,Sermons,2,R. A. Torrey,https://ochorus.com/authors/r-a-torrey
torrey books free online,short,Books free online,2,R. A. Torrey,https://ochorus.com/authors/r-a-torrey
