Phrase,Language,Facet,Tier,Author,Target URL
a. b. simpson,es,Name (navigational),1,A. B. Simpson,https://ochorus.com/es/authors/a-b-simpson
a. b. simpson biografía,es,Biography,1,A. B. Simpson,https://ochorus.com/es/authors/a-b-simpson
quién fue a. b. simpson,es,Who was,2,A. B. Simpson,https://ochorus.com/es/authors/a-b-simpson
libros de a. b. simpson,es,Books,1,A. B. Simpson,https://ochorus.com/es/authors/a-b-simpson
libros de a. b. simpson gratis,es,Books free,2,A. B. Simpson,https://ochorus.com/es/authors/a-b-simpson
sermones de a. b. simpson,es,Sermons,2,A. B. Simpson,https://ochorus.com/es/authors/a-b-simpson
amanda berry smith,es,Name (navigational),1,Amanda Berry Smith,https://ochorus.com/es/authors/amanda-berry-smith
amanda berry smith biografía,es,Biography,1,Amanda Berry Smith,https://ochorus.com/es/authors/amanda-berry-smith
quién fue amanda berry smith,es,Who was,2,Amanda Berry Smith,https://ochorus.com/es/authors/amanda-berry-smith
amy carmichael,es,Name (navigational),1,Amy Carmichael,https://ochorus.com/es/authors/amy-carmichael
amy carmichael biografía,es,Biography,1,Amy Carmichael,https://ochorus.com/es/authors/amy-carmichael
quién fue amy carmichael,es,Who was,2,Amy Carmichael,https://ochorus.com/es/authors/amy-carmichael
andrew murray,es,Name (navigational),1,Andrew Murray,https://ochorus.com/es/authors/andrew-murray
andrew murray biografía,es,Biography,1,Andrew Murray,https://ochorus.com/es/authors/andrew-murray
quién fue andrew murray,es,Who was,2,Andrew Murray,https://ochorus.com/es/authors/andrew-murray
libros de andrew murray,es,Books,1,Andrew Murray,https://ochorus.com/es/authors/andrew-murray
libros de andrew murray gratis,es,Books free,2,Andrew Murray,https://ochorus.com/es/authors/andrew-murray
augustine of hippo,es,Name (navigational),1,Augustine of Hippo,https://ochorus.com/es/authors/augustine-of-hippo
augustine of hippo biografía,es,Biography,1,Augustine of Hippo,https://ochorus.com/es/authors/augustine-of-hippo
quién fue augustine of hippo,es,Who was,2,Augustine of Hippo,https://ochorus.com/es/authors/augustine-of-hippo
libros de bernard of clairvaux,es,Books,1,Bernard of Clairvaux,https://ochorus.com/es/authors/bernard-of-clairvaux
libros de bernard of clairvaux gratis,es,Books free,2,Bernard of Clairvaux,https://ochorus.com/es/authors/bernard-of-clairvaux
catherine booth,es,Name (navigational),1,Catherine Booth,https://ochorus.com/es/authors/catherine-booth
catherine booth biografía,es,Biography,1,Catherine Booth,https://ochorus.com/es/authors/catherine-booth
quién fue catherine booth,es,Who was,2,Catherine Booth,https://ochorus.com/es/authors/catherine-booth
libros de catherine booth,es,Books,1,Catherine Booth,https://ochorus.com/es/authors/catherine-booth
libros de catherine booth gratis,es,Books free,2,Catherine Booth,https://ochorus.com/es/authors/catherine-booth
sermones de catherine booth,es,Sermons,2,Catherine Booth,https://ochorus.com/es/authors/catherine-booth
charles g. finney,es,Name (navigational),1,Charles G. Finney,https://ochorus.com/es/authors/charles-finney
charles g. finney biografía,es,Biography,1,Charles G. Finney,https://ochorus.com/es/authors/charles-finney
quién fue charles g. finney,es,Who was,2,Charles G. Finney,https://ochorus.com/es/authors/charles-finney
sermones de charles g. finney,es,Sermons,2,Charles G. Finney,https://ochorus.com/es/authors/charles-finney
charles h. spurgeon,es,Name (navigational),1,Charles H. Spurgeon,https://ochorus.com/es/authors/charles-h-spurgeon
charles h. spurgeon biografía,es,Biography,1,Charles H. Spurgeon,https://ochorus.com/es/authors/charles-h-spurgeon
quién fue charles h. spurgeon,es,Who was,2,Charles H. Spurgeon,https://ochorus.com/es/authors/charles-h-spurgeon
libros de charles h. spurgeon,es,Books,1,Charles H. Spurgeon,https://ochorus.com/es/authors/charles-h-spurgeon
libros de charles h. spurgeon gratis,es,Books free,2,Charles H. Spurgeon,https://ochorus.com/es/authors/charles-h-spurgeon
sermones de charles h. spurgeon,es,Sermons,2,Charles H. Spurgeon,https://ochorus.com/es/authors/charles-h-spurgeon
christmas evans,es,Name (navigational),1,Christmas Evans,https://ochorus.com/es/authors/christmas-evans
christmas evans biografía,es,Biography,1,Christmas Evans,https://ochorus.com/es/authors/christmas-evans
quién fue christmas evans,es,Who was,2,Christmas Evans,https://ochorus.com/es/authors/christmas-evans
sermones de christmas evans,es,Sermons,2,Christmas Evans,https://ochorus.com/es/authors/christmas-evans
david brainerd,es,Name (navigational),1,David Brainerd,https://ochorus.com/es/authors/david-brainerd
david brainerd biografía,es,Biography,1,David Brainerd,https://ochorus.com/es/authors/david-brainerd
quién fue david brainerd,es,Who was,2,David Brainerd,https://ochorus.com/es/authors/david-brainerd
dwight l. moody,es,Name (navigational),1,Dwight L. Moody,https://ochorus.com/es/authors/dwight-l-moody
dwight l. moody biografía,es,Biography,1,Dwight L. Moody,https://ochorus.com/es/authors/dwight-l-moody
quién fue dwight l. moody,es,Who was,2,Dwight L. Moody,https://ochorus.com/es/authors/dwight-l-moody
libros de dwight l. moody,es,Books,1,Dwight L. Moody,https://ochorus.com/es/authors/dwight-l-moody
libros de dwight l. moody gratis,es,Books free,2,Dwight L. Moody,https://ochorus.com/es/authors/dwight-l-moody
sermones de dwight l. moody,es,Sermons,2,Dwight L. Moody,https://ochorus.com/es/authors/dwight-l-moody
e. m. bounds,es,Name (navigational),1,E. M. Bounds,https://ochorus.com/es/authors/e-m-bounds
e. m. bounds biografía,es,Biography,1,E. M. Bounds,https://ochorus.com/es/authors/e-m-bounds
quién fue e. m. bounds,es,Who was,2,E. M. Bounds,https://ochorus.com/es/authors/e-m-bounds
libros de e. m. bounds,es,Books,1,E. M. Bounds,https://ochorus.com/es/authors/e-m-bounds
libros de e. m. bounds gratis,es,Books free,2,E. M. Bounds,https://ochorus.com/es/authors/e-m-bounds
festo kivengere,es,Name (navigational),1,Festo Kivengere,https://ochorus.com/es/authors/festo-kivengere
festo kivengere biografía,es,Biography,1,Festo Kivengere,https://ochorus.com/es/authors/festo-kivengere
quién fue festo kivengere,es,Who was,2,Festo Kivengere,https://ochorus.com/es/authors/festo-kivengere
frederick brotherton meyer,es,Name (navigational),1,Frederick Brotherton Meyer,https://ochorus.com/es/authors/frederick-brotherton-meyer
frederick brotherton meyer biografía,es,Biography,1,Frederick Brotherton Meyer,https://ochorus.com/es/authors/frederick-brotherton-meyer
quién fue frederick brotherton meyer,es,Who was,2,Frederick Brotherton Meyer,https://ochorus.com/es/authors/frederick-brotherton-meyer
libros de frederick brotherton meyer,es,Books,1,Frederick Brotherton Meyer,https://ochorus.com/es/authors/frederick-brotherton-meyer
libros de frederick brotherton meyer gratis,es,Books free,2,Frederick Brotherton Meyer,https://ochorus.com/es/authors/frederick-brotherton-meyer
gareth evans,es,Name (navigational),1,Gareth Evans,https://ochorus.com/es/authors/gareth-evans
gareth evans biografía,es,Biography,1,Gareth Evans,https://ochorus.com/es/authors/gareth-evans
quién fue gareth evans,es,Who was,2,Gareth Evans,https://ochorus.com/es/authors/gareth-evans
libros de gareth evans,es,Books,1,Gareth Evans,https://ochorus.com/es/authors/gareth-evans
libros de gareth evans gratis,es,Books free,2,Gareth Evans,https://ochorus.com/es/authors/gareth-evans
george müller,es,Name (navigational),1,George Müller,https://ochorus.com/es/authors/george-muller
george müller biografía,es,Biography,1,George Müller,https://ochorus.com/es/authors/george-muller
quién fue george müller,es,Who was,2,George Müller,https://ochorus.com/es/authors/george-muller
george whitefield,es,Name (navigational),1,George Whitefield,https://ochorus.com/es/authors/george-whitefield
george whitefield biografía,es,Biography,1,George Whitefield,https://ochorus.com/es/authors/george-whitefield
quién fue george whitefield,es,Who was,2,George Whitefield,https://ochorus.com/es/authors/george-whitefield
sermones de george whitefield,es,Sermons,2,George Whitefield,https://ochorus.com/es/authors/george-whitefield
libros de hannah buyinza,es,Books,1,Hannah Buyinza,https://ochorus.com/es/authors/hannah-buyinza
libros de hannah buyinza gratis,es,Books free,2,Hannah Buyinza,https://ochorus.com/es/authors/hannah-buyinza
hannah whitall smith,es,Name (navigational),1,Hannah Whitall Smith,https://ochorus.com/es/authors/hannah-whitall-smith
hannah whitall smith biografía,es,Biography,1,Hannah Whitall Smith,https://ochorus.com/es/authors/hannah-whitall-smith
quién fue hannah whitall smith,es,Who was,2,Hannah Whitall Smith,https://ochorus.com/es/authors/hannah-whitall-smith
libros de hannah whitall smith,es,Books,1,Hannah Whitall Smith,https://ochorus.com/es/authors/hannah-whitall-smith
libros de hannah whitall smith gratis,es,Books free,2,Hannah Whitall Smith,https://ochorus.com/es/authors/hannah-whitall-smith
hudson taylor,es,Name (navigational),1,Hudson Taylor,https://ochorus.com/es/authors/hudson-taylor
hudson taylor biografía,es,Biography,1,Hudson Taylor,https://ochorus.com/es/authors/hudson-taylor
quién fue hudson taylor,es,Who was,2,Hudson Taylor,https://ochorus.com/es/authors/hudson-taylor
libros de hudson taylor,es,Books,1,Hudson Taylor,https://ochorus.com/es/authors/hudson-taylor
libros de hudson taylor gratis,es,Books free,2,Hudson Taylor,https://ochorus.com/es/authors/hudson-taylor
sermones de hudson taylor,es,Sermons,2,Hudson Taylor,https://ochorus.com/es/authors/hudson-taylor
jeanne guyon,es,Name (navigational),1,Jeanne Guyon,https://ochorus.com/es/authors/jeanne-guyon
jeanne guyon biografía,es,Biography,1,Jeanne Guyon,https://ochorus.com/es/authors/jeanne-guyon
quién fue jeanne guyon,es,Who was,2,Jeanne Guyon,https://ochorus.com/es/authors/jeanne-guyon
libros de jeanne guyon,es,Books,1,Jeanne Guyon,https://ochorus.com/es/authors/jeanne-guyon
libros de jeanne guyon gratis,es,Books free,2,Jeanne Guyon,https://ochorus.com/es/authors/jeanne-guyon
john bunyan,es,Name (navigational),1,John Bunyan,https://ochorus.com/es/authors/john-bunyan
john bunyan biografía,es,Biography,1,John Bunyan,https://ochorus.com/es/authors/john-bunyan
quién fue john bunyan,es,Who was,2,John Bunyan,https://ochorus.com/es/authors/john-bunyan
john wesley,es,Name (navigational),1,John Wesley,https://ochorus.com/es/authors/john-wesley
john wesley biografía,es,Biography,1,John Wesley,https://ochorus.com/es/authors/john-wesley
quién fue john wesley,es,Who was,2,John Wesley,https://ochorus.com/es/authors/john-wesley
sermones de john wesley,es,Sermons,2,John Wesley,https://ochorus.com/es/authors/john-wesley
jonathan edwards,es,Name (navigational),1,Jonathan Edwards,https://ochorus.com/es/authors/jonathan-edwards
jonathan edwards biografía,es,Biography,1,Jonathan Edwards,https://ochorus.com/es/authors/jonathan-edwards
quién fue jonathan edwards,es,Who was,2,Jonathan Edwards,https://ochorus.com/es/authors/jonathan-edwards
sermones de jonathan edwards,es,Sermons,2,Jonathan Edwards,https://ochorus.com/es/authors/jonathan-edwards
martin luther,es,Name (navigational),1,Martin Luther,https://ochorus.com/es/authors/martin-luther
martin luther biografía,es,Biography,1,Martin Luther,https://ochorus.com/es/authors/martin-luther
quién fue martin luther,es,Who was,2,Martin Luther,https://ochorus.com/es/authors/martin-luther
sermones de martin luther,es,Sermons,2,Martin Luther,https://ochorus.com/es/authors/martin-luther
r. a. torrey,es,Name (navigational),1,R. A. Torrey,https://ochorus.com/es/authors/r-a-torrey
r. a. torrey biografía,es,Biography,1,R. A. Torrey,https://ochorus.com/es/authors/r-a-torrey
quién fue r. a. torrey,es,Who was,2,R. A. Torrey,https://ochorus.com/es/authors/r-a-torrey
libros de r. a. torrey,es,Books,1,R. A. Torrey,https://ochorus.com/es/authors/r-a-torrey
libros de r. a. torrey gratis,es,Books free,2,R. A. Torrey,https://ochorus.com/es/authors/r-a-torrey
richard allen,es,Name (navigational),1,Richard Allen,https://ochorus.com/es/authors/richard-allen
richard allen biografía,es,Biography,1,Richard Allen,https://ochorus.com/es/authors/richard-allen
quién fue richard allen,es,Who was,2,Richard Allen,https://ochorus.com/es/authors/richard-allen
libros de richard allen,es,Books,1,Richard Allen,https://ochorus.com/es/authors/richard-allen
libros de richard allen gratis,es,Books free,2,Richard Allen,https://ochorus.com/es/authors/richard-allen
richard baxter,es,Name (navigational),1,Richard Baxter,https://ochorus.com/es/authors/richard-baxter
richard baxter biografía,es,Biography,1,Richard Baxter,https://ochorus.com/es/authors/richard-baxter
quién fue richard baxter,es,Who was,2,Richard Baxter,https://ochorus.com/es/authors/richard-baxter
robert murray m’cheyne,es,Name (navigational),1,Robert Murray M’Cheyne,https://ochorus.com/es/authors/robert-murray-mcheyne
robert murray m’cheyne biografía,es,Biography,1,Robert Murray M’Cheyne,https://ochorus.com/es/authors/robert-murray-mcheyne
quién fue robert murray m’cheyne,es,Who was,2,Robert Murray M’Cheyne,https://ochorus.com/es/authors/robert-murray-mcheyne
sermones de robert murray m’cheyne,es,Sermons,2,Robert Murray M’Cheyne,https://ochorus.com/es/authors/robert-murray-mcheyne
samuel ajayi crowther,es,Name (navigational),1,Samuel Ajayi Crowther,https://ochorus.com/es/authors/samuel-ajayi-crowther
samuel ajayi crowther biografía,es,Biography,1,Samuel Ajayi Crowther,https://ochorus.com/es/authors/samuel-ajayi-crowther
quién fue samuel ajayi crowther,es,Who was,2,Samuel Ajayi Crowther,https://ochorus.com/es/authors/samuel-ajayi-crowther
simeon nsibambi,es,Name (navigational),1,Simeon Nsibambi,https://ochorus.com/es/authors/simeon-nsibambi
simeon nsibambi biografía,es,Biography,1,Simeon Nsibambi,https://ochorus.com/es/authors/simeon-nsibambi
quién fue simeon nsibambi,es,Who was,2,Simeon Nsibambi,https://ochorus.com/es/authors/simeon-nsibambi
susanna wesley,es,Name (navigational),1,Susanna Wesley,https://ochorus.com/es/authors/susanna-wesley
susanna wesley biografía,es,Biography,1,Susanna Wesley,https://ochorus.com/es/authors/susanna-wesley
quién fue susanna wesley,es,Who was,2,Susanna Wesley,https://ochorus.com/es/authors/susanna-wesley
thomas watson,es,Name (navigational),1,Thomas Watson,https://ochorus.com/es/authors/thomas-watson
thomas watson biografía,es,Biography,1,Thomas Watson,https://ochorus.com/es/authors/thomas-watson
quién fue thomas watson,es,Who was,2,Thomas Watson,https://ochorus.com/es/authors/thomas-watson
libros de thomas watson,es,Books,1,Thomas Watson,https://ochorus.com/es/authors/thomas-watson
libros de thomas watson gratis,es,Books free,2,Thomas Watson,https://ochorus.com/es/authors/thomas-watson
thomas à kempis,es,Name (navigational),1,Thomas à Kempis,https://ochorus.com/es/authors/thomas-a-kempis
thomas à kempis biografía,es,Biography,1,Thomas à Kempis,https://ochorus.com/es/authors/thomas-a-kempis
quién fue thomas à kempis,es,Who was,2,Thomas à Kempis,https://ochorus.com/es/authors/thomas-a-kempis
watchman nee,es,Name (navigational),1,Watchman Nee,https://ochorus.com/es/authors/watchman-nee
watchman nee biografía,es,Biography,1,Watchman Nee,https://ochorus.com/es/authors/watchman-nee
quién fue watchman nee,es,Who was,2,Watchman Nee,https://ochorus.com/es/authors/watchman-nee
william booth,es,Name (navigational),1,William Booth,https://ochorus.com/es/authors/william-booth
william booth biografía,es,Biography,1,William Booth,https://ochorus.com/es/authors/william-booth
quién fue william booth,es,Who was,2,William Booth,https://ochorus.com/es/authors/william-booth
libros de william booth,es,Books,1,William Booth,https://ochorus.com/es/authors/william-booth
libros de william booth gratis,es,Books free,2,William Booth,https://ochorus.com/es/authors/william-booth
a. b. simpson,sw,Name (navigational),1,A. B. Simpson,https://ochorus.com/sw/authors/a-b-simpson
wasifu wa a. b. simpson,sw,Biography,1,A. B. Simpson,https://ochorus.com/sw/authors/a-b-simpson
a. b. simpson ni nani,sw,Who was,2,A. B. Simpson,https://ochorus.com/sw/authors/a-b-simpson
vitabu vya a. b. simpson,sw,Books,1,A. B. Simpson,https://ochorus.com/sw/authors/a-b-simpson
vitabu vya a. b. simpson bure,sw,Books free,2,A. B. Simpson,https://ochorus.com/sw/authors/a-b-simpson
mahubiri ya a. b. simpson,sw,Sermons,2,A. B. Simpson,https://ochorus.com/sw/authors/a-b-simpson
amanda berry smith,sw,Name (navigational),1,Amanda Berry Smith,https://ochorus.com/sw/authors/amanda-berry-smith
wasifu wa amanda berry smith,sw,Biography,1,Amanda Berry Smith,https://ochorus.com/sw/authors/amanda-berry-smith
amanda berry smith ni nani,sw,Who was,2,Amanda Berry Smith,https://ochorus.com/sw/authors/amanda-berry-smith
amy carmichael,sw,Name (navigational),1,Amy Carmichael,https://ochorus.com/sw/authors/amy-carmichael
wasifu wa amy carmichael,sw,Biography,1,Amy Carmichael,https://ochorus.com/sw/authors/amy-carmichael
amy carmichael ni nani,sw,Who was,2,Amy Carmichael,https://ochorus.com/sw/authors/amy-carmichael
andrew murray,sw,Name (navigational),1,Andrew Murray,https://ochorus.com/sw/authors/andrew-murray
wasifu wa andrew murray,sw,Biography,1,Andrew Murray,https://ochorus.com/sw/authors/andrew-murray
andrew murray ni nani,sw,Who was,2,Andrew Murray,https://ochorus.com/sw/authors/andrew-murray
vitabu vya andrew murray,sw,Books,1,Andrew Murray,https://ochorus.com/sw/authors/andrew-murray
vitabu vya andrew murray bure,sw,Books free,2,Andrew Murray,https://ochorus.com/sw/authors/andrew-murray
athanasius of alexandria,sw,Name (navigational),1,Athanasius of Alexandria,https://ochorus.com/sw/authors/athanasius-of-alexandria
wasifu wa athanasius of alexandria,sw,Biography,1,Athanasius of Alexandria,https://ochorus.com/sw/authors/athanasius-of-alexandria
athanasius of alexandria ni nani,sw,Who was,2,Athanasius of Alexandria,https://ochorus.com/sw/authors/athanasius-of-alexandria
augustine of hippo,sw,Name (navigational),1,Augustine of Hippo,https://ochorus.com/sw/authors/augustine-of-hippo
wasifu wa augustine of hippo,sw,Biography,1,Augustine of Hippo,https://ochorus.com/sw/authors/augustine-of-hippo
augustine of hippo ni nani,sw,Who was,2,Augustine of Hippo,https://ochorus.com/sw/authors/augustine-of-hippo
catherine booth,sw,Name (navigational),1,Catherine Booth,https://ochorus.com/sw/authors/catherine-booth
wasifu wa catherine booth,sw,Biography,1,Catherine Booth,https://ochorus.com/sw/authors/catherine-booth
catherine booth ni nani,sw,Who was,2,Catherine Booth,https://ochorus.com/sw/authors/catherine-booth
vitabu vya catherine booth,sw,Books,1,Catherine Booth,https://ochorus.com/sw/authors/catherine-booth
vitabu vya catherine booth bure,sw,Books free,2,Catherine Booth,https://ochorus.com/sw/authors/catherine-booth
charles g. finney,sw,Name (navigational),1,Charles G. Finney,https://ochorus.com/sw/authors/charles-finney
wasifu wa charles g. finney,sw,Biography,1,Charles G. Finney,https://ochorus.com/sw/authors/charles-finney
charles g. finney ni nani,sw,Who was,2,Charles G. Finney,https://ochorus.com/sw/authors/charles-finney
mahubiri ya charles g. finney,sw,Sermons,2,Charles G. Finney,https://ochorus.com/sw/authors/charles-finney
charles h. spurgeon,sw,Name (navigational),1,Charles H. Spurgeon,https://ochorus.com/sw/authors/charles-h-spurgeon
wasifu wa charles h. spurgeon,sw,Biography,1,Charles H. Spurgeon,https://ochorus.com/sw/authors/charles-h-spurgeon
charles h. spurgeon ni nani,sw,Who was,2,Charles H. Spurgeon,https://ochorus.com/sw/authors/charles-h-spurgeon
vitabu vya charles h. spurgeon,sw,Books,1,Charles H. Spurgeon,https://ochorus.com/sw/authors/charles-h-spurgeon
vitabu vya charles h. spurgeon bure,sw,Books free,2,Charles H. Spurgeon,https://ochorus.com/sw/authors/charles-h-spurgeon
mahubiri ya charles h. spurgeon,sw,Sermons,2,Charles H. Spurgeon,https://ochorus.com/sw/authors/charles-h-spurgeon
mahubiri ya christmas evans,sw,Sermons,2,Christmas Evans,https://ochorus.com/sw/authors/christmas-evans
cyprian of carthage,sw,Name (navigational),1,Cyprian of Carthage,https://ochorus.com/sw/authors/cyprian-of-carthage
wasifu wa cyprian of carthage,sw,Biography,1,Cyprian of Carthage,https://ochorus.com/sw/authors/cyprian-of-carthage
cyprian of carthage ni nani,sw,Who was,2,Cyprian of Carthage,https://ochorus.com/sw/authors/cyprian-of-carthage
david brainerd,sw,Name (navigational),1,David Brainerd,https://ochorus.com/sw/authors/david-brainerd
wasifu wa david brainerd,sw,Biography,1,David Brainerd,https://ochorus.com/sw/authors/david-brainerd
david brainerd ni nani,sw,Who was,2,David Brainerd,https://ochorus.com/sw/authors/david-brainerd
dwight l. moody,sw,Name (navigational),1,Dwight L. Moody,https://ochorus.com/sw/authors/dwight-l-moody
wasifu wa dwight l. moody,sw,Biography,1,Dwight L. Moody,https://ochorus.com/sw/authors/dwight-l-moody
dwight l. moody ni nani,sw,Who was,2,Dwight L. Moody,https://ochorus.com/sw/authors/dwight-l-moody
vitabu vya dwight l. moody,sw,Books,1,Dwight L. Moody,https://ochorus.com/sw/authors/dwight-l-moody
vitabu vya dwight l. moody bure,sw,Books free,2,Dwight L. Moody,https://ochorus.com/sw/authors/dwight-l-moody
mahubiri ya dwight l. moody,sw,Sermons,2,Dwight L. Moody,https://ochorus.com/sw/authors/dwight-l-moody
e. m. bounds,sw,Name (navigational),1,E. M. Bounds,https://ochorus.com/sw/authors/e-m-bounds
wasifu wa e. m. bounds,sw,Biography,1,E. M. Bounds,https://ochorus.com/sw/authors/e-m-bounds
e. m. bounds ni nani,sw,Who was,2,E. M. Bounds,https://ochorus.com/sw/authors/e-m-bounds
vitabu vya e. m. bounds,sw,Books,1,E. M. Bounds,https://ochorus.com/sw/authors/e-m-bounds
vitabu vya e. m. bounds bure,sw,Books free,2,E. M. Bounds,https://ochorus.com/sw/authors/e-m-bounds
erica sabiti,sw,Name (navigational),1,Erica Sabiti,https://ochorus.com/sw/authors/erica-sabiti
wasifu wa erica sabiti,sw,Biography,1,Erica Sabiti,https://ochorus.com/sw/authors/erica-sabiti
erica sabiti ni nani,sw,Who was,2,Erica Sabiti,https://ochorus.com/sw/authors/erica-sabiti
festo kivengere,sw,Name (navigational),1,Festo Kivengere,https://ochorus.com/sw/authors/festo-kivengere
wasifu wa festo kivengere,sw,Biography,1,Festo Kivengere,https://ochorus.com/sw/authors/festo-kivengere
festo kivengere ni nani,sw,Who was,2,Festo Kivengere,https://ochorus.com/sw/authors/festo-kivengere
frederick brotherton meyer,sw,Name (navigational),1,Frederick Brotherton Meyer,https://ochorus.com/sw/authors/frederick-brotherton-meyer
wasifu wa frederick brotherton meyer,sw,Biography,1,Frederick Brotherton Meyer,https://ochorus.com/sw/authors/frederick-brotherton-meyer
frederick brotherton meyer ni nani,sw,Who was,2,Frederick Brotherton Meyer,https://ochorus.com/sw/authors/frederick-brotherton-meyer
gareth evans,sw,Name (navigational),1,Gareth Evans,https://ochorus.com/sw/authors/gareth-evans
wasifu wa gareth evans,sw,Biography,1,Gareth Evans,https://ochorus.com/sw/authors/gareth-evans
gareth evans ni nani,sw,Who was,2,Gareth Evans,https://ochorus.com/sw/authors/gareth-evans
vitabu vya gareth evans,sw,Books,1,Gareth Evans,https://ochorus.com/sw/authors/gareth-evans
vitabu vya gareth evans bure,sw,Books free,2,Gareth Evans,https://ochorus.com/sw/authors/gareth-evans
george müller,sw,Name (navigational),1,George Müller,https://ochorus.com/sw/authors/george-muller
wasifu wa george müller,sw,Biography,1,George Müller,https://ochorus.com/sw/authors/george-muller
george müller ni nani,sw,Who was,2,George Müller,https://ochorus.com/sw/authors/george-muller
george whitefield,sw,Name (navigational),1,George Whitefield,https://ochorus.com/sw/authors/george-whitefield
wasifu wa george whitefield,sw,Biography,1,George Whitefield,https://ochorus.com/sw/authors/george-whitefield
george whitefield ni nani,sw,Who was,2,George Whitefield,https://ochorus.com/sw/authors/george-whitefield
mahubiri ya george whitefield,sw,Sermons,2,George Whitefield,https://ochorus.com/sw/authors/george-whitefield
vitabu vya hannah buyinza,sw,Books,1,Hannah Buyinza,https://ochorus.com/sw/authors/hannah-buyinza
vitabu vya hannah buyinza bure,sw,Books free,2,Hannah Buyinza,https://ochorus.com/sw/authors/hannah-buyinza
hannah whitall smith,sw,Name (navigational),1,Hannah Whitall Smith,https://ochorus.com/sw/authors/hannah-whitall-smith
wasifu wa hannah whitall smith,sw,Biography,1,Hannah Whitall Smith,https://ochorus.com/sw/authors/hannah-whitall-smith
hannah whitall smith ni nani,sw,Who was,2,Hannah Whitall Smith,https://ochorus.com/sw/authors/hannah-whitall-smith
vitabu vya hannah whitall smith,sw,Books,1,Hannah Whitall Smith,https://ochorus.com/sw/authors/hannah-whitall-smith
vitabu vya hannah whitall smith bure,sw,Books free,2,Hannah Whitall Smith,https://ochorus.com/sw/authors/hannah-whitall-smith
hudson taylor,sw,Name (navigational),1,Hudson Taylor,https://ochorus.com/sw/authors/hudson-taylor
wasifu wa hudson taylor,sw,Biography,1,Hudson Taylor,https://ochorus.com/sw/authors/hudson-taylor
hudson taylor ni nani,sw,Who was,2,Hudson Taylor,https://ochorus.com/sw/authors/hudson-taylor
mahubiri ya hudson taylor,sw,Sermons,2,Hudson Taylor,https://ochorus.com/sw/authors/hudson-taylor
jeanne guyon,sw,Name (navigational),1,Jeanne Guyon,https://ochorus.com/sw/authors/jeanne-guyon
wasifu wa jeanne guyon,sw,Biography,1,Jeanne Guyon,https://ochorus.com/sw/authors/jeanne-guyon
jeanne guyon ni nani,sw,Who was,2,Jeanne Guyon,https://ochorus.com/sw/authors/jeanne-guyon
john bunyan,sw,Name (navigational),1,John Bunyan,https://ochorus.com/sw/authors/john-bunyan
wasifu wa john bunyan,sw,Biography,1,John Bunyan,https://ochorus.com/sw/authors/john-bunyan
john bunyan ni nani,sw,Who was,2,John Bunyan,https://ochorus.com/sw/authors/john-bunyan
mahubiri ya john calvin,sw,Sermons,2,John Calvin,https://ochorus.com/sw/authors/john-calvin
john chrysostom,sw,Name (navigational),1,John Chrysostom,https://ochorus.com/sw/authors/john-chrysostom
wasifu wa john chrysostom,sw,Biography,1,John Chrysostom,https://ochorus.com/sw/authors/john-chrysostom
john chrysostom ni nani,sw,Who was,2,John Chrysostom,https://ochorus.com/sw/authors/john-chrysostom
john newton,sw,Name (navigational),1,John Newton,https://ochorus.com/sw/authors/john-newton
wasifu wa john newton,sw,Biography,1,John Newton,https://ochorus.com/sw/authors/john-newton
john newton ni nani,sw,Who was,2,John Newton,https://ochorus.com/sw/authors/john-newton
john owen,sw,Name (navigational),1,John Owen,https://ochorus.com/sw/authors/john-owen
wasifu wa john owen,sw,Biography,1,John Owen,https://ochorus.com/sw/authors/john-owen
john owen ni nani,sw,Who was,2,John Owen,https://ochorus.com/sw/authors/john-owen
john wesley,sw,Name (navigational),1,John Wesley,https://ochorus.com/sw/authors/john-wesley
wasifu wa john wesley,sw,Biography,1,John Wesley,https://ochorus.com/sw/authors/john-wesley
john wesley ni nani,sw,Who was,2,John Wesley,https://ochorus.com/sw/authors/john-wesley
mahubiri ya john wesley,sw,Sermons,2,John Wesley,https://ochorus.com/sw/authors/john-wesley
jonathan edwards,sw,Name (navigational),1,Jonathan Edwards,https://ochorus.com/sw/authors/jonathan-edwards
wasifu wa jonathan edwards,sw,Biography,1,Jonathan Edwards,https://ochorus.com/sw/authors/jonathan-edwards
jonathan edwards ni nani,sw,Who was,2,Jonathan Edwards,https://ochorus.com/sw/authors/jonathan-edwards
mahubiri ya martin luther,sw,Sermons,2,Martin Luther,https://ochorus.com/sw/authors/martin-luther
r. a. torrey,sw,Name (navigational),1,R. A. Torrey,https://ochorus.com/sw/authors/r-a-torrey
wasifu wa r. a. torrey,sw,Biography,1,R. A. Torrey,https://ochorus.com/sw/authors/r-a-torrey
r. a. torrey ni nani,sw,Who was,2,R. A. Torrey,https://ochorus.com/sw/authors/r-a-torrey
vitabu vya r. a. torrey,sw,Books,1,R. A. Torrey,https://ochorus.com/sw/authors/r-a-torrey
vitabu vya r. a. torrey bure,sw,Books free,2,R. A. Torrey,https://ochorus.com/sw/authors/r-a-torrey
richard allen,sw,Name (navigational),1,Richard Allen,https://ochorus.com/sw/authors/richard-allen
wasifu wa richard allen,sw,Biography,1,Richard Allen,https://ochorus.com/sw/authors/richard-allen
richard allen ni nani,sw,Who was,2,Richard Allen,https://ochorus.com/sw/authors/richard-allen
richard baxter,sw,Name (navigational),1,Richard Baxter,https://ochorus.com/sw/authors/richard-baxter
wasifu wa richard baxter,sw,Biography,1,Richard Baxter,https://ochorus.com/sw/authors/richard-baxter
richard baxter ni nani,sw,Who was,2,Richard Baxter,https://ochorus.com/sw/authors/richard-baxter
richard sibbes,sw,Name (navigational),1,Richard Sibbes,https://ochorus.com/sw/authors/richard-sibbes
wasifu wa richard sibbes,sw,Biography,1,Richard Sibbes,https://ochorus.com/sw/authors/richard-sibbes
richard sibbes ni nani,sw,Who was,2,Richard Sibbes,https://ochorus.com/sw/authors/richard-sibbes
robert murray m’cheyne,sw,Name (navigational),1,Robert Murray M’Cheyne,https://ochorus.com/sw/authors/robert-murray-mcheyne
wasifu wa robert murray m’cheyne,sw,Biography,1,Robert Murray M’Cheyne,https://ochorus.com/sw/authors/robert-murray-mcheyne
robert murray m’cheyne ni nani,sw,Who was,2,Robert Murray M’Cheyne,https://ochorus.com/sw/authors/robert-murray-mcheyne
samuel ajayi crowther,sw,Name (navigational),1,Samuel Ajayi Crowther,https://ochorus.com/sw/authors/samuel-ajayi-crowther
wasifu wa samuel ajayi crowther,sw,Biography,1,Samuel Ajayi Crowther,https://ochorus.com/sw/authors/samuel-ajayi-crowther
samuel ajayi crowther ni nani,sw,Who was,2,Samuel Ajayi Crowther,https://ochorus.com/sw/authors/samuel-ajayi-crowther
simeon nsibambi,sw,Name (navigational),1,Simeon Nsibambi,https://ochorus.com/sw/authors/simeon-nsibambi
wasifu wa simeon nsibambi,sw,Biography,1,Simeon Nsibambi,https://ochorus.com/sw/authors/simeon-nsibambi
simeon nsibambi ni nani,sw,Who was,2,Simeon Nsibambi,https://ochorus.com/sw/authors/simeon-nsibambi
susanna wesley,sw,Name (navigational),1,Susanna Wesley,https://ochorus.com/sw/authors/susanna-wesley
wasifu wa susanna wesley,sw,Biography,1,Susanna Wesley,https://ochorus.com/sw/authors/susanna-wesley
susanna wesley ni nani,sw,Who was,2,Susanna Wesley,https://ochorus.com/sw/authors/susanna-wesley
thomas watson,sw,Name (navigational),1,Thomas Watson,https://ochorus.com/sw/authors/thomas-watson
wasifu wa thomas watson,sw,Biography,1,Thomas Watson,https://ochorus.com/sw/authors/thomas-watson
thomas watson ni nani,sw,Who was,2,Thomas Watson,https://ochorus.com/sw/authors/thomas-watson
thomas à kempis,sw,Name (navigational),1,Thomas à Kempis,https://ochorus.com/sw/authors/thomas-a-kempis
wasifu wa thomas à kempis,sw,Biography,1,Thomas à Kempis,https://ochorus.com/sw/authors/thomas-a-kempis
thomas à kempis ni nani,sw,Who was,2,Thomas à Kempis,https://ochorus.com/sw/authors/thomas-a-kempis
watchman nee,sw,Name (navigational),1,Watchman Nee,https://ochorus.com/sw/authors/watchman-nee
wasifu wa watchman nee,sw,Biography,1,Watchman Nee,https://ochorus.com/sw/authors/watchman-nee
watchman nee ni nani,sw,Who was,2,Watchman Nee,https://ochorus.com/sw/authors/watchman-nee
vitabu vya watchman nee,sw,Books,1,Watchman Nee,https://ochorus.com/sw/authors/watchman-nee
vitabu vya watchman nee bure,sw,Books free,2,Watchman Nee,https://ochorus.com/sw/authors/watchman-nee
william booth,sw,Name (navigational),1,William Booth,https://ochorus.com/sw/authors/william-booth
wasifu wa william booth,sw,Biography,1,William Booth,https://ochorus.com/sw/authors/william-booth
william booth ni nani,sw,Who was,2,William Booth,https://ochorus.com/sw/authors/william-booth
vitabu vya william booth,sw,Books,1,William Booth,https://ochorus.com/sw/authors/william-booth
vitabu vya william booth bure,sw,Books free,2,William Booth,https://ochorus.com/sw/authors/william-booth
short,sw,Name (navigational),1,short,https://ochorus.com/sw/authors/short
wasifu wa short,sw,Biography,1,short,https://ochorus.com/sw/authors/short
short ni nani,sw,Who was,2,short,https://ochorus.com/sw/authors/short
a. b. simpson,pt,Name (navigational),1,A. B. Simpson,https://ochorus.com/pt/authors/a-b-simpson
a. b. simpson biografia,pt,Biography,1,A. B. Simpson,https://ochorus.com/pt/authors/a-b-simpson
quem foi a. b. simpson,pt,Who was,2,A. B. Simpson,https://ochorus.com/pt/authors/a-b-simpson
sermões de a. b. simpson,pt,Sermons,2,A. B. Simpson,https://ochorus.com/pt/authors/a-b-simpson
amanda berry smith,pt,Name (navigational),1,Amanda Berry Smith,https://ochorus.com/pt/authors/amanda-berry-smith
amanda berry smith biografia,pt,Biography,1,Amanda Berry Smith,https://ochorus.com/pt/authors/amanda-berry-smith
quem foi amanda berry smith,pt,Who was,2,Amanda Berry Smith,https://ochorus.com/pt/authors/amanda-berry-smith
amy carmichael,pt,Name (navigational),1,Amy Carmichael,https://ochorus.com/pt/authors/amy-carmichael
amy carmichael biografia,pt,Biography,1,Amy Carmichael,https://ochorus.com/pt/authors/amy-carmichael
quem foi amy carmichael,pt,Who was,2,Amy Carmichael,https://ochorus.com/pt/authors/amy-carmichael
andrew murray,pt,Name (navigational),1,Andrew Murray,https://ochorus.com/pt/authors/andrew-murray
andrew murray biografia,pt,Biography,1,Andrew Murray,https://ochorus.com/pt/authors/andrew-murray
quem foi andrew murray,pt,Who was,2,Andrew Murray,https://ochorus.com/pt/authors/andrew-murray
livros de andrew murray,pt,Books,1,Andrew Murray,https://ochorus.com/pt/authors/andrew-murray
livros de andrew murray grátis,pt,Books free,2,Andrew Murray,https://ochorus.com/pt/authors/andrew-murray
athanasius of alexandria,pt,Name (navigational),1,Athanasius of Alexandria,https://ochorus.com/pt/authors/athanasius-of-alexandria
athanasius of alexandria biografia,pt,Biography,1,Athanasius of Alexandria,https://ochorus.com/pt/authors/athanasius-of-alexandria
quem foi athanasius of alexandria,pt,Who was,2,Athanasius of Alexandria,https://ochorus.com/pt/authors/athanasius-of-alexandria
augustine of hippo,pt,Name (navigational),1,Augustine of Hippo,https://ochorus.com/pt/authors/augustine-of-hippo
augustine of hippo biografia,pt,Biography,1,Augustine of Hippo,https://ochorus.com/pt/authors/augustine-of-hippo
quem foi augustine of hippo,pt,Who was,2,Augustine of Hippo,https://ochorus.com/pt/authors/augustine-of-hippo
bernard of clairvaux,pt,Name (navigational),1,Bernard of Clairvaux,https://ochorus.com/pt/authors/bernard-of-clairvaux
bernard of clairvaux biografia,pt,Biography,1,Bernard of Clairvaux,https://ochorus.com/pt/authors/bernard-of-clairvaux
quem foi bernard of clairvaux,pt,Who was,2,Bernard of Clairvaux,https://ochorus.com/pt/authors/bernard-of-clairvaux
catherine booth,pt,Name (navigational),1,Catherine Booth,https://ochorus.com/pt/authors/catherine-booth
catherine booth biografia,pt,Biography,1,Catherine Booth,https://ochorus.com/pt/authors/catherine-booth
quem foi catherine booth,pt,Who was,2,Catherine Booth,https://ochorus.com/pt/authors/catherine-booth
livros de catherine booth,pt,Books,1,Catherine Booth,https://ochorus.com/pt/authors/catherine-booth
livros de catherine booth grátis,pt,Books free,2,Catherine Booth,https://ochorus.com/pt/authors/catherine-booth
charles g. finney,pt,Name (navigational),1,Charles G. Finney,https://ochorus.com/pt/authors/charles-finney
charles g. finney biografia,pt,Biography,1,Charles G. Finney,https://ochorus.com/pt/authors/charles-finney
quem foi charles g. finney,pt,Who was,2,Charles G. Finney,https://ochorus.com/pt/authors/charles-finney
charles h. spurgeon,pt,Name (navigational),1,Charles H. Spurgeon,https://ochorus.com/pt/authors/charles-h-spurgeon
charles h. spurgeon biografia,pt,Biography,1,Charles H. Spurgeon,https://ochorus.com/pt/authors/charles-h-spurgeon
quem foi charles h. spurgeon,pt,Who was,2,Charles H. Spurgeon,https://ochorus.com/pt/authors/charles-h-spurgeon
livros de charles h. spurgeon,pt,Books,1,Charles H. Spurgeon,https://ochorus.com/pt/authors/charles-h-spurgeon
livros de charles h. spurgeon grátis,pt,Books free,2,Charles H. Spurgeon,https://ochorus.com/pt/authors/charles-h-spurgeon
sermões de charles h. spurgeon,pt,Sermons,2,Charles H. Spurgeon,https://ochorus.com/pt/authors/charles-h-spurgeon
christmas evans,pt,Name (navigational),1,Christmas Evans,https://ochorus.com/pt/authors/christmas-evans
christmas evans biografia,pt,Biography,1,Christmas Evans,https://ochorus.com/pt/authors/christmas-evans
quem foi christmas evans,pt,Who was,2,Christmas Evans,https://ochorus.com/pt/authors/christmas-evans
clement of rome,pt,Name (navigational),1,Clement of Rome,https://ochorus.com/pt/authors/clement-of-rome
clement of rome biografia,pt,Biography,1,Clement of Rome,https://ochorus.com/pt/authors/clement-of-rome
quem foi clement of rome,pt,Who was,2,Clement of Rome,https://ochorus.com/pt/authors/clement-of-rome
cyprian of carthage,pt,Name (navigational),1,Cyprian of Carthage,https://ochorus.com/pt/authors/cyprian-of-carthage
cyprian of carthage biografia,pt,Biography,1,Cyprian of Carthage,https://ochorus.com/pt/authors/cyprian-of-carthage
quem foi cyprian of carthage,pt,Who was,2,Cyprian of Carthage,https://ochorus.com/pt/authors/cyprian-of-carthage
david brainerd,pt,Name (navigational),1,David Brainerd,https://ochorus.com/pt/authors/david-brainerd
david brainerd biografia,pt,Biography,1,David Brainerd,https://ochorus.com/pt/authors/david-brainerd
quem foi david brainerd,pt,Who was,2,David Brainerd,https://ochorus.com/pt/authors/david-brainerd
dwight l. moody,pt,Name (navigational),1,Dwight L. Moody,https://ochorus.com/pt/authors/dwight-l-moody
dwight l. moody biografia,pt,Biography,1,Dwight L. Moody,https://ochorus.com/pt/authors/dwight-l-moody
quem foi dwight l. moody,pt,Who was,2,Dwight L. Moody,https://ochorus.com/pt/authors/dwight-l-moody
livros de dwight l. moody,pt,Books,1,Dwight L. Moody,https://ochorus.com/pt/authors/dwight-l-moody
livros de dwight l. moody grátis,pt,Books free,2,Dwight L. Moody,https://ochorus.com/pt/authors/dwight-l-moody
sermões de dwight l. moody,pt,Sermons,2,Dwight L. Moody,https://ochorus.com/pt/authors/dwight-l-moody
e. m. bounds,pt,Name (navigational),1,E. M. Bounds,https://ochorus.com/pt/authors/e-m-bounds
e. m. bounds biografia,pt,Biography,1,E. M. Bounds,https://ochorus.com/pt/authors/e-m-bounds
quem foi e. m. bounds,pt,Who was,2,E. M. Bounds,https://ochorus.com/pt/authors/e-m-bounds
livros de e. m. bounds,pt,Books,1,E. M. Bounds,https://ochorus.com/pt/authors/e-m-bounds
livros de e. m. bounds grátis,pt,Books free,2,E. M. Bounds,https://ochorus.com/pt/authors/e-m-bounds
frederick brotherton meyer,pt,Name (navigational),1,Frederick Brotherton Meyer,https://ochorus.com/pt/authors/frederick-brotherton-meyer
frederick brotherton meyer biografia,pt,Biography,1,Frederick Brotherton Meyer,https://ochorus.com/pt/authors/frederick-brotherton-meyer
quem foi frederick brotherton meyer,pt,Who was,2,Frederick Brotherton Meyer,https://ochorus.com/pt/authors/frederick-brotherton-meyer
gareth evans,pt,Name (navigational),1,Gareth Evans,https://ochorus.com/pt/authors/gareth-evans
gareth evans biografia,pt,Biography,1,Gareth Evans,https://ochorus.com/pt/authors/gareth-evans
quem foi gareth evans,pt,Who was,2,Gareth Evans,https://ochorus.com/pt/authors/gareth-evans
livros de gareth evans,pt,Books,1,Gareth Evans,https://ochorus.com/pt/authors/gareth-evans
livros de gareth evans grátis,pt,Books free,2,Gareth Evans,https://ochorus.com/pt/authors/gareth-evans
george müller,pt,Name (navigational),1,George Müller,https://ochorus.com/pt/authors/george-muller
george müller biografia,pt,Biography,1,George Müller,https://ochorus.com/pt/authors/george-muller
quem foi george müller,pt,Who was,2,George Müller,https://ochorus.com/pt/authors/george-muller
george whitefield,pt,Name (navigational),1,George Whitefield,https://ochorus.com/pt/authors/george-whitefield
george whitefield biografia,pt,Biography,1,George Whitefield,https://ochorus.com/pt/authors/george-whitefield
quem foi george whitefield,pt,Who was,2,George Whitefield,https://ochorus.com/pt/authors/george-whitefield
sermões de george whitefield,pt,Sermons,2,George Whitefield,https://ochorus.com/pt/authors/george-whitefield
livros de hannah buyinza,pt,Books,1,Hannah Buyinza,https://ochorus.com/pt/authors/hannah-buyinza
livros de hannah buyinza grátis,pt,Books free,2,Hannah Buyinza,https://ochorus.com/pt/authors/hannah-buyinza
hannah whitall smith,pt,Name (navigational),1,Hannah Whitall Smith,https://ochorus.com/pt/authors/hannah-whitall-smith
hannah whitall smith biografia,pt,Biography,1,Hannah Whitall Smith,https://ochorus.com/pt/authors/hannah-whitall-smith
quem foi hannah whitall smith,pt,Who was,2,Hannah Whitall Smith,https://ochorus.com/pt/authors/hannah-whitall-smith
livros de hannah whitall smith,pt,Books,1,Hannah Whitall Smith,https://ochorus.com/pt/authors/hannah-whitall-smith
livros de hannah whitall smith grátis,pt,Books free,2,Hannah Whitall Smith,https://ochorus.com/pt/authors/hannah-whitall-smith
hudson taylor,pt,Name (navigational),1,Hudson Taylor,https://ochorus.com/pt/authors/hudson-taylor
hudson taylor biografia,pt,Biography,1,Hudson Taylor,https://ochorus.com/pt/authors/hudson-taylor
quem foi hudson taylor,pt,Who was,2,Hudson Taylor,https://ochorus.com/pt/authors/hudson-taylor
livros de hudson taylor,pt,Books,1,Hudson Taylor,https://ochorus.com/pt/authors/hudson-taylor
livros de hudson taylor grátis,pt,Books free,2,Hudson Taylor,https://ochorus.com/pt/authors/hudson-taylor
sermões de hudson taylor,pt,Sermons,2,Hudson Taylor,https://ochorus.com/pt/authors/hudson-taylor
ignatius of antioch,pt,Name (navigational),1,Ignatius of Antioch,https://ochorus.com/pt/authors/ignatius-of-antioch
ignatius of antioch biografia,pt,Biography,1,Ignatius of Antioch,https://ochorus.com/pt/authors/ignatius-of-antioch
quem foi ignatius of antioch,pt,Who was,2,Ignatius of Antioch,https://ochorus.com/pt/authors/ignatius-of-antioch
jarena lee,pt,Name (navigational),1,Jarena Lee,https://ochorus.com/pt/authors/jarena-lee
jarena lee biografia,pt,Biography,1,Jarena Lee,https://ochorus.com/pt/authors/jarena-lee
quem foi jarena lee,pt,Who was,2,Jarena Lee,https://ochorus.com/pt/authors/jarena-lee
jeanne guyon,pt,Name (navigational),1,Jeanne Guyon,https://ochorus.com/pt/authors/jeanne-guyon
jeanne guyon biografia,pt,Biography,1,Jeanne Guyon,https://ochorus.com/pt/authors/jeanne-guyon
quem foi jeanne guyon,pt,Who was,2,Jeanne Guyon,https://ochorus.com/pt/authors/jeanne-guyon
john bunyan,pt,Name (navigational),1,John Bunyan,https://ochorus.com/pt/authors/john-bunyan
john bunyan biografia,pt,Biography,1,John Bunyan,https://ochorus.com/pt/authors/john-bunyan
quem foi john bunyan,pt,Who was,2,John Bunyan,https://ochorus.com/pt/authors/john-bunyan
john calvin,pt,Name (navigational),1,John Calvin,https://ochorus.com/pt/authors/john-calvin
john calvin biografia,pt,Biography,1,John Calvin,https://ochorus.com/pt/authors/john-calvin
quem foi john calvin,pt,Who was,2,John Calvin,https://ochorus.com/pt/authors/john-calvin
john chrysostom,pt,Name (navigational),1,John Chrysostom,https://ochorus.com/pt/authors/john-chrysostom
john chrysostom biografia,pt,Biography,1,John Chrysostom,https://ochorus.com/pt/authors/john-chrysostom
quem foi john chrysostom,pt,Who was,2,John Chrysostom,https://ochorus.com/pt/authors/john-chrysostom
john owen,pt,Name (navigational),1,John Owen,https://ochorus.com/pt/authors/john-owen
john owen biografia,pt,Biography,1,John Owen,https://ochorus.com/pt/authors/john-owen
quem foi john owen,pt,Who was,2,John Owen,https://ochorus.com/pt/authors/john-owen
john wesley,pt,Name (navigational),1,John Wesley,https://ochorus.com/pt/authors/john-wesley
john wesley biografia,pt,Biography,1,John Wesley,https://ochorus.com/pt/authors/john-wesley
quem foi john wesley,pt,Who was,2,John Wesley,https://ochorus.com/pt/authors/john-wesley
sermões de john wesley,pt,Sermons,2,John Wesley,https://ochorus.com/pt/authors/john-wesley
jonathan edwards,pt,Name (navigational),1,Jonathan Edwards,https://ochorus.com/pt/authors/jonathan-edwards
jonathan edwards biografia,pt,Biography,1,Jonathan Edwards,https://ochorus.com/pt/authors/jonathan-edwards
quem foi jonathan edwards,pt,Who was,2,Jonathan Edwards,https://ochorus.com/pt/authors/jonathan-edwards
sermões de jonathan edwards,pt,Sermons,2,Jonathan Edwards,https://ochorus.com/pt/authors/jonathan-edwards
julia a. j. foote,pt,Name (navigational),1,Julia A. J. Foote,https://ochorus.com/pt/authors/julia-foote
julia a. j. foote biografia,pt,Biography,1,Julia A. J. Foote,https://ochorus.com/pt/authors/julia-foote
quem foi julia a. j. foote,pt,Who was,2,Julia A. J. Foote,https://ochorus.com/pt/authors/julia-foote
martin luther,pt,Name (navigational),1,Martin Luther,https://ochorus.com/pt/authors/martin-luther
martin luther biografia,pt,Biography,1,Martin Luther,https://ochorus.com/pt/authors/martin-luther
quem foi martin luther,pt,Who was,2,Martin Luther,https://ochorus.com/pt/authors/martin-luther
r. a. torrey,pt,Name (navigational),1,R. A. Torrey,https://ochorus.com/pt/authors/r-a-torrey
r. a. torrey biografia,pt,Biography,1,R. A. Torrey,https://ochorus.com/pt/authors/r-a-torrey
quem foi r. a. torrey,pt,Who was,2,R. A. Torrey,https://ochorus.com/pt/authors/r-a-torrey
livros de r. a. torrey,pt,Books,1,R. A. Torrey,https://ochorus.com/pt/authors/r-a-torrey
livros de r. a. torrey grátis,pt,Books free,2,R. A. Torrey,https://ochorus.com/pt/authors/r-a-torrey
richard allen,pt,Name (navigational),1,Richard Allen,https://ochorus.com/pt/authors/richard-allen
richard allen biografia,pt,Biography,1,Richard Allen,https://ochorus.com/pt/authors/richard-allen
quem foi richard allen,pt,Who was,2,Richard Allen,https://ochorus.com/pt/authors/richard-allen
richard baxter,pt,Name (navigational),1,Richard Baxter,https://ochorus.com/pt/authors/richard-baxter
richard baxter biografia,pt,Biography,1,Richard Baxter,https://ochorus.com/pt/authors/richard-baxter
quem foi richard baxter,pt,Who was,2,Richard Baxter,https://ochorus.com/pt/authors/richard-baxter
livros de richard baxter,pt,Books,1,Richard Baxter,https://ochorus.com/pt/authors/richard-baxter
livros de richard baxter grátis,pt,Books free,2,Richard Baxter,https://ochorus.com/pt/authors/richard-baxter
richard sibbes,pt,Name (navigational),1,Richard Sibbes,https://ochorus.com/pt/authors/richard-sibbes
richard sibbes biografia,pt,Biography,1,Richard Sibbes,https://ochorus.com/pt/authors/richard-sibbes
quem foi richard sibbes,pt,Who was,2,Richard Sibbes,https://ochorus.com/pt/authors/richard-sibbes
robert murray m’cheyne,pt,Name (navigational),1,Robert Murray M’Cheyne,https://ochorus.com/pt/authors/robert-murray-mcheyne
robert murray m’cheyne biografia,pt,Biography,1,Robert Murray M’Cheyne,https://ochorus.com/pt/authors/robert-murray-mcheyne
quem foi robert murray m’cheyne,pt,Who was,2,Robert Murray M’Cheyne,https://ochorus.com/pt/authors/robert-murray-mcheyne
samuel ajayi crowther,pt,Name (navigational),1,Samuel Ajayi Crowther,https://ochorus.com/pt/authors/samuel-ajayi-crowther
samuel ajayi crowther biografia,pt,Biography,1,Samuel Ajayi Crowther,https://ochorus.com/pt/authors/samuel-ajayi-crowther
quem foi samuel ajayi crowther,pt,Who was,2,Samuel Ajayi Crowther,https://ochorus.com/pt/authors/samuel-ajayi-crowther
susanna wesley,pt,Name (navigational),1,Susanna Wesley,https://ochorus.com/pt/authors/susanna-wesley
susanna wesley biografia,pt,Biography,1,Susanna Wesley,https://ochorus.com/pt/authors/susanna-wesley
quem foi susanna wesley,pt,Who was,2,Susanna Wesley,https://ochorus.com/pt/authors/susanna-wesley
teresa of ávila,pt,Name (navigational),1,Teresa of Ávila,https://ochorus.com/pt/authors/teresa-of-avila
teresa of ávila biografia,pt,Biography,1,Teresa of Ávila,https://ochorus.com/pt/authors/teresa-of-avila
quem foi teresa of ávila,pt,Who was,2,Teresa of Ávila,https://ochorus.com/pt/authors/teresa-of-avila
thomas watson,pt,Name (navigational),1,Thomas Watson,https://ochorus.com/pt/authors/thomas-watson
thomas watson biografia,pt,Biography,1,Thomas Watson,https://ochorus.com/pt/authors/thomas-watson
quem foi thomas watson,pt,Who was,2,Thomas Watson,https://ochorus.com/pt/authors/thomas-watson
livros de thomas watson,pt,Books,1,Thomas Watson,https://ochorus.com/pt/authors/thomas-watson
livros de thomas watson grátis,pt,Books free,2,Thomas Watson,https://ochorus.com/pt/authors/thomas-watson
thomas à kempis,pt,Name (navigational),1,Thomas à Kempis,https://ochorus.com/pt/authors/thomas-a-kempis
thomas à kempis biografia,pt,Biography,1,Thomas à Kempis,https://ochorus.com/pt/authors/thomas-a-kempis
quem foi thomas à kempis,pt,Who was,2,Thomas à Kempis,https://ochorus.com/pt/authors/thomas-a-kempis
watchman nee,pt,Name (navigational),1,Watchman Nee,https://ochorus.com/pt/authors/watchman-nee
watchman nee biografia,pt,Biography,1,Watchman Nee,https://ochorus.com/pt/authors/watchman-nee
quem foi watchman nee,pt,Who was,2,Watchman Nee,https://ochorus.com/pt/authors/watchman-nee
william booth,pt,Name (navigational),1,William Booth,https://ochorus.com/pt/authors/william-booth
william booth biografia,pt,Biography,1,William Booth,https://ochorus.com/pt/authors/william-booth
quem foi william booth,pt,Who was,2,William Booth,https://ochorus.com/pt/authors/william-booth
william carey,pt,Name (navigational),1,William Carey,https://ochorus.com/pt/authors/william-carey
william carey biografia,pt,Biography,1,William Carey,https://ochorus.com/pt/authors/william-carey
quem foi william carey,pt,Who was,2,William Carey,https://ochorus.com/pt/authors/william-carey
william law,pt,Name (navigational),1,William Law,https://ochorus.com/pt/authors/william-law
william law biografia,pt,Biography,1,William Law,https://ochorus.com/pt/authors/william-law
quem foi william law,pt,Who was,2,William Law,https://ochorus.com/pt/authors/william-law
yona kanamuzeyi,pt,Name (navigational),1,Yona Kanamuzeyi,https://ochorus.com/pt/authors/yona-kanamuzeyi
yona kanamuzeyi biografia,pt,Biography,1,Yona Kanamuzeyi,https://ochorus.com/pt/authors/yona-kanamuzeyi
quem foi yona kanamuzeyi,pt,Who was,2,Yona Kanamuzeyi,https://ochorus.com/pt/authors/yona-kanamuzeyi
yosiya kinuka,pt,Name (navigational),1,Yosiya Kinuka,https://ochorus.com/pt/authors/yosiya-kinuka
yosiya kinuka biografia,pt,Biography,1,Yosiya Kinuka,https://ochorus.com/pt/authors/yosiya-kinuka
quem foi yosiya kinuka,pt,Who was,2,Yosiya Kinuka,https://ochorus.com/pt/authors/yosiya-kinuka
A. B. Simpson,hi,Name (navigational),1,A. B. Simpson,https://ochorus.com/hi/authors/a-b-simpson
A. B. Simpson जीवनी,hi,Biography,1,A. B. Simpson,https://ochorus.com/hi/authors/a-b-simpson
A. B. Simpson कौन थे,hi,Who was,2,A. B. Simpson,https://ochorus.com/hi/authors/a-b-simpson
A. B. Simpson के उपदेश,hi,Sermons,2,A. B. Simpson,https://ochorus.com/hi/authors/a-b-simpson
Andrew Murray,hi,Name (navigational),1,Andrew Murray,https://ochorus.com/hi/authors/andrew-murray
Andrew Murray जीवनी,hi,Biography,1,Andrew Murray,https://ochorus.com/hi/authors/andrew-murray
Andrew Murray कौन थे,hi,Who was,2,Andrew Murray,https://ochorus.com/hi/authors/andrew-murray
Andrew Murray की किताबें,hi,Books,1,Andrew Murray,https://ochorus.com/hi/authors/andrew-murray
Andrew Murray की मुफ्त किताबें,hi,Books free,2,Andrew Murray,https://ochorus.com/hi/authors/andrew-murray
Athanasius of Alexandria,hi,Name (navigational),1,Athanasius of Alexandria,https://ochorus.com/hi/authors/athanasius-of-alexandria
Athanasius of Alexandria जीवनी,hi,Biography,1,Athanasius of Alexandria,https://ochorus.com/hi/authors/athanasius-of-alexandria
Athanasius of Alexandria कौन थे,hi,Who was,2,Athanasius of Alexandria,https://ochorus.com/hi/authors/athanasius-of-alexandria
Augustine of Hippo,hi,Name (navigational),1,Augustine of Hippo,https://ochorus.com/hi/authors/augustine-of-hippo
Augustine of Hippo जीवनी,hi,Biography,1,Augustine of Hippo,https://ochorus.com/hi/authors/augustine-of-hippo
Augustine of Hippo कौन थे,hi,Who was,2,Augustine of Hippo,https://ochorus.com/hi/authors/augustine-of-hippo
Catherine Booth,hi,Name (navigational),1,Catherine Booth,https://ochorus.com/hi/authors/catherine-booth
Catherine Booth जीवनी,hi,Biography,1,Catherine Booth,https://ochorus.com/hi/authors/catherine-booth
Catherine Booth कौन थे,hi,Who was,2,Catherine Booth,https://ochorus.com/hi/authors/catherine-booth
Catherine Booth की किताबें,hi,Books,1,Catherine Booth,https://ochorus.com/hi/authors/catherine-booth
Catherine Booth की मुफ्त किताबें,hi,Books free,2,Catherine Booth,https://ochorus.com/hi/authors/catherine-booth
Catherine Booth के उपदेश,hi,Sermons,2,Catherine Booth,https://ochorus.com/hi/authors/catherine-booth
Charles G. Finney,hi,Name (navigational),1,Charles G. Finney,https://ochorus.com/hi/authors/charles-finney
Charles G. Finney जीवनी,hi,Biography,1,Charles G. Finney,https://ochorus.com/hi/authors/charles-finney
Charles G. Finney कौन थे,hi,Who was,2,Charles G. Finney,https://ochorus.com/hi/authors/charles-finney
Charles G. Finney के उपदेश,hi,Sermons,2,Charles G. Finney,https://ochorus.com/hi/authors/charles-finney
Charles H. Spurgeon,hi,Name (navigational),1,Charles H. Spurgeon,https://ochorus.com/hi/authors/charles-h-spurgeon
Charles H. Spurgeon जीवनी,hi,Biography,1,Charles H. Spurgeon,https://ochorus.com/hi/authors/charles-h-spurgeon
Charles H. Spurgeon कौन थे,hi,Who was,2,Charles H. Spurgeon,https://ochorus.com/hi/authors/charles-h-spurgeon
Charles H. Spurgeon की किताबें,hi,Books,1,Charles H. Spurgeon,https://ochorus.com/hi/authors/charles-h-spurgeon
Charles H. Spurgeon की मुफ्त किताबें,hi,Books free,2,Charles H. Spurgeon,https://ochorus.com/hi/authors/charles-h-spurgeon
Charles H. Spurgeon के उपदेश,hi,Sermons,2,Charles H. Spurgeon,https://ochorus.com/hi/authors/charles-h-spurgeon
Christmas Evans,hi,Name (navigational),1,Christmas Evans,https://ochorus.com/hi/authors/christmas-evans
Christmas Evans जीवनी,hi,Biography,1,Christmas Evans,https://ochorus.com/hi/authors/christmas-evans
Christmas Evans कौन थे,hi,Who was,2,Christmas Evans,https://ochorus.com/hi/authors/christmas-evans
Dwight L. Moody,hi,Name (navigational),1,Dwight L. Moody,https://ochorus.com/hi/authors/dwight-l-moody
Dwight L. Moody जीवनी,hi,Biography,1,Dwight L. Moody,https://ochorus.com/hi/authors/dwight-l-moody
Dwight L. Moody कौन थे,hi,Who was,2,Dwight L. Moody,https://ochorus.com/hi/authors/dwight-l-moody
Dwight L. Moody की किताबें,hi,Books,1,Dwight L. Moody,https://ochorus.com/hi/authors/dwight-l-moody
Dwight L. Moody की मुफ्त किताबें,hi,Books free,2,Dwight L. Moody,https://ochorus.com/hi/authors/dwight-l-moody
Dwight L. Moody के उपदेश,hi,Sermons,2,Dwight L. Moody,https://ochorus.com/hi/authors/dwight-l-moody
E. M. Bounds,hi,Name (navigational),1,E. M. Bounds,https://ochorus.com/hi/authors/e-m-bounds
E. M. Bounds जीवनी,hi,Biography,1,E. M. Bounds,https://ochorus.com/hi/authors/e-m-bounds
E. M. Bounds कौन थे,hi,Who was,2,E. M. Bounds,https://ochorus.com/hi/authors/e-m-bounds
Frederick Brotherton Meyer,hi,Name (navigational),1,Frederick Brotherton Meyer,https://ochorus.com/hi/authors/frederick-brotherton-meyer
Frederick Brotherton Meyer जीवनी,hi,Biography,1,Frederick Brotherton Meyer,https://ochorus.com/hi/authors/frederick-brotherton-meyer
Frederick Brotherton Meyer कौन थे,hi,Who was,2,Frederick Brotherton Meyer,https://ochorus.com/hi/authors/frederick-brotherton-meyer
Gareth Evans,hi,Name (navigational),1,Gareth Evans,https://ochorus.com/hi/authors/gareth-evans
Gareth Evans जीवनी,hi,Biography,1,Gareth Evans,https://ochorus.com/hi/authors/gareth-evans
Gareth Evans कौन थे,hi,Who was,2,Gareth Evans,https://ochorus.com/hi/authors/gareth-evans
Gareth Evans की किताबें,hi,Books,1,Gareth Evans,https://ochorus.com/hi/authors/gareth-evans
Gareth Evans की मुफ्त किताबें,hi,Books free,2,Gareth Evans,https://ochorus.com/hi/authors/gareth-evans
George Müller,hi,Name (navigational),1,George Müller,https://ochorus.com/hi/authors/george-muller
George Müller जीवनी,hi,Biography,1,George Müller,https://ochorus.com/hi/authors/george-muller
George Müller कौन थे,hi,Who was,2,George Müller,https://ochorus.com/hi/authors/george-muller
George Whitefield,hi,Name (navigational),1,George Whitefield,https://ochorus.com/hi/authors/george-whitefield
George Whitefield जीवनी,hi,Biography,1,George Whitefield,https://ochorus.com/hi/authors/george-whitefield
George Whitefield कौन थे,hi,Who was,2,George Whitefield,https://ochorus.com/hi/authors/george-whitefield
Hannah Buyinza की किताबें,hi,Books,1,Hannah Buyinza,https://ochorus.com/hi/authors/hannah-buyinza
Hannah Buyinza की मुफ्त किताबें,hi,Books free,2,Hannah Buyinza,https://ochorus.com/hi/authors/hannah-buyinza
Hannah Whitall Smith,hi,Name (navigational),1,Hannah Whitall Smith,https://ochorus.com/hi/authors/hannah-whitall-smith
Hannah Whitall Smith जीवनी,hi,Biography,1,Hannah Whitall Smith,https://ochorus.com/hi/authors/hannah-whitall-smith
Hannah Whitall Smith कौन थे,hi,Who was,2,Hannah Whitall Smith,https://ochorus.com/hi/authors/hannah-whitall-smith
Hannah Whitall Smith की किताबें,hi,Books,1,Hannah Whitall Smith,https://ochorus.com/hi/authors/hannah-whitall-smith
Hannah Whitall Smith की मुफ्त किताबें,hi,Books free,2,Hannah Whitall Smith,https://ochorus.com/hi/authors/hannah-whitall-smith
Hudson Taylor,hi,Name (navigational),1,Hudson Taylor,https://ochorus.com/hi/authors/hudson-taylor
Hudson Taylor जीवनी,hi,Biography,1,Hudson Taylor,https://ochorus.com/hi/authors/hudson-taylor
Hudson Taylor कौन थे,hi,Who was,2,Hudson Taylor,https://ochorus.com/hi/authors/hudson-taylor
Hudson Taylor के उपदेश,hi,Sermons,2,Hudson Taylor,https://ochorus.com/hi/authors/hudson-taylor
John Bunyan,hi,Name (navigational),1,John Bunyan,https://ochorus.com/hi/authors/john-bunyan
John Bunyan जीवनी,hi,Biography,1,John Bunyan,https://ochorus.com/hi/authors/john-bunyan
John Bunyan कौन थे,hi,Who was,2,John Bunyan,https://ochorus.com/hi/authors/john-bunyan
John Calvin के उपदेश,hi,Sermons,2,John Calvin,https://ochorus.com/hi/authors/john-calvin
John Chrysostom,hi,Name (navigational),1,John Chrysostom,https://ochorus.com/hi/authors/john-chrysostom
John Chrysostom जीवनी,hi,Biography,1,John Chrysostom,https://ochorus.com/hi/authors/john-chrysostom
John Chrysostom कौन थे,hi,Who was,2,John Chrysostom,https://ochorus.com/hi/authors/john-chrysostom
John Chrysostom के उपदेश,hi,Sermons,2,John Chrysostom,https://ochorus.com/hi/authors/john-chrysostom
John Wesley,hi,Name (navigational),1,John Wesley,https://ochorus.com/hi/authors/john-wesley
John Wesley जीवनी,hi,Biography,1,John Wesley,https://ochorus.com/hi/authors/john-wesley
John Wesley कौन थे,hi,Who was,2,John Wesley,https://ochorus.com/hi/authors/john-wesley
John Wesley के उपदेश,hi,Sermons,2,John Wesley,https://ochorus.com/hi/authors/john-wesley
Jonathan Edwards,hi,Name (navigational),1,Jonathan Edwards,https://ochorus.com/hi/authors/jonathan-edwards
Jonathan Edwards जीवनी,hi,Biography,1,Jonathan Edwards,https://ochorus.com/hi/authors/jonathan-edwards
Jonathan Edwards कौन थे,hi,Who was,2,Jonathan Edwards,https://ochorus.com/hi/authors/jonathan-edwards
Martin Luther,hi,Name (navigational),1,Martin Luther,https://ochorus.com/hi/authors/martin-luther
Martin Luther जीवनी,hi,Biography,1,Martin Luther,https://ochorus.com/hi/authors/martin-luther
Martin Luther कौन थे,hi,Who was,2,Martin Luther,https://ochorus.com/hi/authors/martin-luther
R. A. Torrey,hi,Name (navigational),1,R. A. Torrey,https://ochorus.com/hi/authors/r-a-torrey
R. A. Torrey जीवनी,hi,Biography,1,R. A. Torrey,https://ochorus.com/hi/authors/r-a-torrey
R. A. Torrey कौन थे,hi,Who was,2,R. A. Torrey,https://ochorus.com/hi/authors/r-a-torrey
R. A. Torrey की किताबें,hi,Books,1,R. A. Torrey,https://ochorus.com/hi/authors/r-a-torrey
R. A. Torrey की मुफ्त किताबें,hi,Books free,2,R. A. Torrey,https://ochorus.com/hi/authors/r-a-torrey
Richard Baxter,hi,Name (navigational),1,Richard Baxter,https://ochorus.com/hi/authors/richard-baxter
Richard Baxter जीवनी,hi,Biography,1,Richard Baxter,https://ochorus.com/hi/authors/richard-baxter
Richard Baxter कौन थे,hi,Who was,2,Richard Baxter,https://ochorus.com/hi/authors/richard-baxter
Robert Murray M’Cheyne,hi,Name (navigational),1,Robert Murray M’Cheyne,https://ochorus.com/hi/authors/robert-murray-mcheyne
Robert Murray M’Cheyne जीवनी,hi,Biography,1,Robert Murray M’Cheyne,https://ochorus.com/hi/authors/robert-murray-mcheyne
Robert Murray M’Cheyne कौन थे,hi,Who was,2,Robert Murray M’Cheyne,https://ochorus.com/hi/authors/robert-murray-mcheyne
